20160816_0900_0/0,"(125, 125)","(177, 59)",51.7661748226
20160816_0900_0/1,"(125, 125)","(206, 213)",-47.3718421898
20160816_0900_0/2,"(125, 125)","(127, 208)",-88.6196459266
20160816_0900_0/3,"(125, 125)","(220, 110)",8.9726266149
20160816_0900_0/4,"(125, 125)","(237, 102)",11.6047623564
20160816_0900_0/5,"(125, 125)","(196, 18)",56.4336812654
20160816_0900_0/6,"(125, 125)","(16, 94)",164.124053495
20160816_0900_0/7,"(125, 125)","(126, 19)",89.4594898129
20160816_0900_1/0,"(125, 125)","(170, 221)",-64.8851651139
20160816_0900_1/1,"(125, 125)","(45, 200)",-136.847610266
20160816_0900_1/10,"(125, 125)","(183, 216)",-57.4880857689
20160816_0900_1/11,"(125, 125)","(52, 213)",-129.677249292
20160816_0900_1/12,"(125, 125)","(20, 81)",157.263995117
20160816_0900_1/14,"(125, 125)","(108, 218)",-100.359052488
20160816_0900_1/15,"(125, 125)","(82, 227)",-112.85876188
20160816_0900_1/17,"(125, 125)","(90, 222)",-109.840698084
20160816_0900_1/2,"(125, 125)","(37, 200)",-139.559950087
20160816_0900_1/3,"(125, 125)","(123, 203)",-91.4688007144
20160816_0900_1/4,"(125, 125)","(83, 206)",-117.407575438
20160816_0900_1/5,"(125, 125)","(82, 189)",-123.896166563
20160816_0900_1/6,"(125, 125)","(124, 216)",-90.6295986084
20160816_0900_1/7,"(125, 125)","(112, 204)",-99.3446719021
20160816_0900_1/8,"(125, 125)","(124, 235)",-90.5208563745
20160816_0900_1/9,"(125, 125)","(115, 218)",-96.1372559493
20160816_0901_1/0,"(125, 125)","(67, 208)",-124.9456644
20160816_0901_1/1,"(125, 125)","(85, 198)",-118.720326798
20160816_0901_1/10,"(125, 125)","(149, 215)",-75.0685828219
20160816_0901_1/2,"(125, 125)","(230, 126)",-0.545657593416
20160816_0901_1/5,"(125, 125)","(133, 230)",-85.6430249942
20160816_0901_1/6,"(125, 125)","(127, 225)",-88.8542371618
20160816_0901_1/7,"(125, 125)","(79, 206)",-119.592296359
20160816_0901_1/8,"(125, 125)","(75, 219)",-118.009176708
20160816_0901_1/9,"(125, 125)","(126, 128)",-71.5650511771
20160816_0902_0/1,"(125, 125)","(39, 188)",-143.775055744
20160816_0902_1/0,"(125, 125)","(121, 221)",-92.3859440304
20160816_0902_1/1,"(125, 125)","(98, 202)",-109.323184318
20160816_0902_1/2,"(125, 125)","(85, 190)",-121.607502246
20160816_0902_1/4,"(125, 125)","(133, 198)",-83.7459672561
20160816_0902_1/5,"(125, 125)","(121, 220)",-92.4110297466
20160816_0902_1/7,"(125, 125)","(89, 218)",-111.161259817
20160816_0902_1/8,"(125, 125)","(211, 62)",36.2249442555
20160816_0903_1/3,"(125, 125)","(211, 150)",-16.2090249278
20160816_0904_0/1,"(125, 125)","(70, 193)",-128.966746994
20160816_0904_0/2,"(125, 125)","(-59, 227)",-150.998300576
20160816_0904_0/3,"(125, 125)","(58, 189)",-136.311887783
20160816_0904_0/4,"(125, 125)","(70, 181)",-134.48383577
20160816_0904_1/0,"(125, 125)","(154, 224)",-73.6731464894
20160816_0904_1/1,"(125, 125)","(101, 230)",-102.87500156
20160816_0904_1/2,"(125, 125)","(122, 207)",-92.0952525646
20160816_0904_1/3,"(125, 125)","(122, 203)",-92.2025981618
20160816_0905_1/0,"(125, 125)","(208, 41)",45.3430843995
20160816_0905_1/1,"(125, 125)","(205, 25)",51.3401917459
20160816_0905_1/10,"(125, 125)","(224, 51)",36.7771861094
20160816_0905_1/11,"(125, 125)","(55, 221)",-126.098283967
20160816_0905_1/12,"(125, 125)","(133, 207)",-84.427802196
20160816_0905_1/2,"(125, 125)","(184, 57)",49.0535542318
20160816_0905_1/3,"(125, 125)","(226, 32)",42.6386253418
20160816_0905_1/4,"(125, 125)","(244, 44)",34.2420329116
20160816_0905_1/5,"(125, 125)","(224, 68)",29.9315118405
20160816_0905_1/6,"(125, 125)","(207, 56)",40.0793839636
20160816_0905_1/7,"(125, 125)","(203, 56)",41.4964683552
20160816_0905_1/8,"(125, 125)","(214, 39)",44.0178828368
20160816_0905_1/9,"(125, 125)","(238, 39)",37.2733823809
20160816_0906_1/0,"(125, 125)","(176, 215)",-60.4612177404
20160816_0906_1/1,"(125, 125)","(181, 217)",-58.6713071322
20160816_0906_1/5,"(125, 125)","(19, 179)",-153.004161606
20160816_0906_1/6,"(125, 125)","(169, 193)",-57.094757077
20160816_0907_1/2,"(125, 125)","(101, 206)",-106.504361382
20160816_0907_1/3,"(125, 125)","(102, 215)",-104.33543542
20160816_0909_1/0,"(125, 125)","(239, 83)",20.2248594312
20160816_0909_1/1,"(125, 125)","(169, 26)",66.0375110254
20160816_0909_1/2,"(125, 125)","(135, 35)",83.6598082541
20160816_0909_1/3,"(125, 125)","(232, 53)",33.9364994667
20160816_0909_1/4,"(125, 125)","(210, 35)",46.6365770416
20160816_0909_1/5,"(125, 125)","(205, 47)",44.2747757009
20160816_0910_1/0,"(125, 125)","(220, 50)",38.2901631922
20160816_0910_1/1,"(125, 125)","(220, 156)",-18.072322149
20160816_0910_1/4,"(125, 125)","(199, 36)",50.257809169
20160816_0910_1/5,"(125, 125)","(75, 80)",138.012787504
20160816_0910_1/6,"(125, 125)","(181, 8)",64.4227092226
20160816_0910_1/7,"(125, 125)","(175, 26)",63.203918706
20160816_0911_1/0,"(125, 125)","(230, 35)",40.601294645
20160816_0911_1/1,"(125, 125)","(201, 29)",51.6325146151
20160816_0911_1/2,"(125, 125)","(200, 29)",52.0012675575
20160816_0913_1/0,"(125, 125)","(215, 158)",-20.1363034282
20160816_0913_1/1,"(125, 125)","(193, 176)",-36.8698976458
20160816_0914_1/0,"(125, 125)","(56, 69)",140.937416099
20160816_0914_1/1,"(125, 125)","(102, 42)",105.488501443
20160816_0914_1/2,"(125, 125)","(223, 55)",35.537677792
20160816_0914_1/3,"(125, 125)","(163, 27)",68.8059435185
20160816_0914_1/4,"(125, 125)","(237, 91)",16.8867911239
20160816_0914_1/5,"(125, 125)","(234, 84)",20.6136288982
20160816_0915_1/1,"(125, 125)","(70, 39)",122.600333574
20160816_0915_1/2,"(125, 125)","(113, 23)",96.7098368078
20160816_0915_1/3,"(125, 125)","(34, 97)",162.897271031
20160816_0915_1/4,"(125, 125)","(35, 96)",162.139905929
20160816_0915_1/5,"(125, 125)","(51, 89)",154.05770451
20160816_0915_1/6,"(125, 125)","(68, 63)",132.594029483
20160816_0915_1/7,"(125, 125)","(75, 71)",132.797401838
20160816_0916_1/0,"(125, 125)","(28, 135)",-174.114012167
20160816_0916_1/1,"(125, 125)","(49, 61)",139.899092454
20160816_0916_1/2,"(125, 125)","(64, 48)",128.386539518
20160816_0918_1/0,"(125, 125)","(232, 77)",24.1609151233
20160816_0918_1/1,"(125, 125)","(100, 38)",106.032339354
20160816_0918_1/2,"(125, 125)","(18, 128)",-178.393997011
20160816_0918_1/3,"(125, 125)","(71, 80)",140.194428908
20160816_0920_1/0,"(125, 125)","(208, 37)",46.6748379905
20160816_0921_1/0,"(125, 125)","(133, 223)",-85.3331416286
20160816_0921_1/1,"(125, 125)","(113, 224)",-96.911227119
20160816_0921_1/2,"(125, 125)","(139, 179)",-75.4655449195
20160816_0923_1/2,"(125, 125)","(118, 194)",-95.792796495
20160816_0924_1/0,"(125, 125)","(75, 197)",-124.777831366
20160816_0924_1/1,"(125, 125)","(103, 192)",-108.178018798
20160816_0924_1/11,"(125, 125)","(105, 175)",-111.801409486
20160816_0924_1/12,"(125, 125)","(81, 176)",-130.785821477
20160816_0924_1/13,"(125, 125)","(112, 199)",-99.9638041899
20160816_0924_1/14,"(125, 125)","(127, 209)",-88.6360724684
20160816_0924_1/2,"(125, 125)","(88, 200)",-116.258659555
20160816_0924_1/4,"(125, 125)","(34, 147)",-166.409051552
20160816_0924_1/5,"(125, 125)","(22, 152)",-165.311213227
20160816_0924_1/6,"(125, 125)","(97, 216)",-107.102728969
20160816_0924_1/7,"(125, 125)","(101, 211)",-105.592810939
20160816_0924_1/8,"(125, 125)","(121, 214)",-92.5733594632
20160816_0925_1/0,"(125, 125)","(112, 211)",-98.5959114369
20160816_0925_1/1,"(125, 125)","(120, 221)",-92.98146122
20160816_0925_1/10,"(125, 125)","(61, 223)",-123.146995832
20160816_0925_1/11,"(125, 125)","(82, 198)",-120.499833233
20160816_0925_1/2,"(125, 125)","(111, 186)",-102.925999125
20160816_0925_1/3,"(125, 125)","(105, 209)",-103.392497754
20160816_0925_1/4,"(125, 125)","(76, 210)",-119.962184096
20160816_0925_1/5,"(125, 125)","(168, 203)",-61.1328405305
20160816_0925_1/6,"(125, 125)","(79, 195)",-123.310630825
20160816_0925_1/7,"(125, 125)","(65, 203)",-127.568592029
20160816_0925_1/8,"(125, 125)","(52, 204)",-132.739498089
20160816_0925_1/9,"(125, 125)","(79, 210)",-118.421209225
20160816_0926_1/0,"(125, 125)","(80, 194)",-123.11134196
20160816_0926_1/1,"(125, 125)","(124, 206)",-90.7073193685
20160816_0926_1/10,"(125, 125)","(87, 228)",-110.250633509
20160816_0926_1/11,"(125, 125)","(83, 194)",-121.328692868
20160816_0926_1/12,"(125, 125)","(60, 199)",-131.295372558
20160816_0926_1/13,"(125, 125)","(58, 184)",-138.632950739
20160816_0926_1/14,"(125, 125)","(44, 181)",-145.341645294
20160816_0926_1/15,"(125, 125)","(110, 212)",-99.7824070318
20160816_0926_1/16,"(125, 125)","(115, 218)",-96.1372559493
20160816_0926_1/17,"(125, 125)","(67, 209)",-124.62415508
20160816_0926_1/3,"(125, 125)","(100, 221)",-104.596575525
20160816_0926_1/4,"(125, 125)","(91, 236)",-107.030156773
20160816_0926_1/5,"(125, 125)","(34, 203)",-139.398705355
20160816_0926_1/6,"(125, 125)","(52, 197)",-135.395137043
20160816_0926_1/7,"(125, 125)","(58, 179)",-141.132222498
20160816_0926_1/8,"(125, 125)","(97, 191)",-112.988716802
20160816_0926_1/9,"(125, 125)","(97, 182)",-116.161566442
20160816_0927_0/0,"(125, 125)","(47, 184)",-142.895765094
20160816_0927_1/0,"(125, 125)","(113, 200)",-99.0902769208
20160816_0927_1/1,"(125, 125)","(102, 210)",-105.140983835
20160816_0927_1/10,"(125, 125)","(79, 181)",-129.400660663
20160816_0927_1/11,"(125, 125)","(84, 196)",-120.004920871
20160816_0927_1/12,"(125, 125)","(51, 180)",-143.378672506
20160816_0927_1/2,"(125, 125)","(77, 198)",-123.326289687
20160816_0927_1/3,"(125, 125)","(68, 209)",-124.159694546
20160816_0927_1/4,"(125, 125)","(119, 209)",-94.08561678
20160816_0927_1/5,"(125, 125)","(73, 203)",-123.690067526
20160816_0927_1/6,"(125, 125)","(37, 192)",-142.715673564
20160816_0927_1/7,"(125, 125)","(76, 221)",-117.04052391
20160816_0927_1/8,"(125, 125)","(65, 191)",-132.273689006
20160816_0927_1/9,"(125, 125)","(109, 198)",-102.362492416
20160816_0928_1/0,"(125, 125)","(103, 212)",-104.191096549
20160816_0928_1/2,"(125, 125)","(82, 201)",-119.500724623
20160816_0928_1/3,"(125, 125)","(71, 197)",-126.869897646
20160816_0928_1/4,"(125, 125)","(112, 204)",-99.3446719021
20160816_0928_1/5,"(125, 125)","(64, 192)",-132.316224841
20160816_0928_1/6,"(125, 125)","(58, 178)",-141.654425046
20160816_0928_1/7,"(125, 125)","(41, 206)",-136.041626676
20160816_0928_1/8,"(125, 125)","(99, 197)",-109.855214369
20160816_0928_1/9,"(125, 125)","(229, 103)",11.9441771884
20160816_0929_1/0,"(125, 125)","(92, 185)",-118.810793743
20160816_0929_1/1,"(125, 125)","(121, 212)",-92.632434869
20160816_0929_1/2,"(125, 125)","(82, 210)",-116.834043471
20160816_0929_1/3,"(125, 125)","(70, 209)",-123.215251494
20160816_0930_1/0,"(125, 125)","(79, 216)",-116.816346844
20160816_0930_1/1,"(125, 125)","(94, 205)",-111.1813495
20160816_0930_1/10,"(125, 125)","(67, 188)",-132.633752009
20160816_0930_1/11,"(125, 125)","(82, 200)",-119.827084654
20160816_0930_1/12,"(125, 125)","(108, 234)",-98.8646233884
20160816_0930_1/14,"(125, 125)","(208, 211)",-46.0169780307
20160816_0930_1/15,"(125, 125)","(62, 200)",-130.030259272
20160816_0930_1/2,"(125, 125)","(86, 220)",-112.319440393
20160816_0930_1/3,"(125, 125)","(70, 212)",-122.30041551
20160816_0930_1/4,"(125, 125)","(228, 197)",-34.9546696305
20160816_0930_1/5,"(125, 125)","(62, 208)",-127.199812116
20160816_0930_1/6,"(125, 125)","(49, 209)",-132.137594774
20160816_0930_1/7,"(125, 125)","(70, 212)",-122.30041551
20160816_0930_1/8,"(125, 125)","(121, 223)",-92.3373058591
20160816_0930_1/9,"(125, 125)","(35, 195)",-142.125016349
20160816_0932_1/0,"(125, 125)","(142, 207)",-78.2875276889
20160816_0932_1/1,"(125, 125)","(205, 70)",34.5085229877
20160816_0932_1/2,"(125, 125)","(205, 65)",36.8698976458
20160816_0933_1/0,"(125, 125)","(244, 47)",33.243325862
20160816_0933_1/1,"(125, 125)","(188, 50)",49.9697407281
20160816_0933_1/2,"(125, 125)","(243, 91)",16.0735741647
20160816_0933_1/3,"(125, 125)","(187, 29)",57.1442780496
20160816_0933_1/4,"(125, 125)","(211, 32)",47.239475938
20160816_0934_1/0,"(125, 125)","(190, 29)",55.8987258058
20160816_0934_1/1,"(125, 125)","(185, 23)",59.5344550805
20160816_0934_1/2,"(125, 125)","(214, 29)",47.1669146832
20160816_0935_1/0,"(125, 125)","(34, 224)",-132.588970253
20160816_0935_1/1,"(125, 125)","(124, 247)",-90.4696270197
20160816_0935_1/2,"(125, 125)","(43, 223)",-129.92039214
20160816_0935_1/3,"(125, 125)","(40, 198)",-139.343239952
20160816_0935_1/4,"(125, 125)","(160, 218)",-69.3764686167
20160816_0935_1/5,"(125, 125)","(102, 217)",-104.036243468
20160816_0935_1/6,"(125, 125)","(62, 209)",-126.869897646
20160816_0944_1/1,"(125, 125)","(42, 96)",160.740708356
20160816_0944_1/2,"(125, 125)","(53, 90)",154.075098492
20160816_0944_1/4,"(125, 125)","(34, 98)",163.47420361
20160816_0945_0/0,"(125, 125)","(8, 176)",-156.447736327
20160816_0945_0/1,"(125, 125)","(9, 180)",-154.632595538
20160816_0945_1/0,"(125, 125)","(176, 35)",60.4612177404
20160816_0945_1/1,"(125, 125)","(202, 42)",47.1475854283
20160816_0945_1/10,"(125, 125)","(176, 34)",60.7320047851
20160816_0945_1/11,"(125, 125)","(229, 23)",44.4437477729
20160816_0945_1/2,"(125, 125)","(208, 20)",51.6744690471
20160816_0945_1/3,"(125, 125)","(144, 20)",79.7431801583
20160816_0945_1/4,"(125, 125)","(202, 21)",53.484322135
20160816_0945_1/5,"(125, 125)","(182, 13)",63.0271565664
20160816_0945_1/6,"(125, 125)","(204, 22)",52.5121441031
20160816_0945_1/7,"(125, 125)","(174, 14)",66.1813495003
20160816_0945_1/8,"(125, 125)","(219, 38)",42.7852448727
20160816_0945_1/9,"(125, 125)","(164, 24)",68.8864999216
20160816_0946_1/0,"(125, 125)","(19, 116)",175.146903613
20160816_0946_1/1,"(125, 125)","(62, 62)",135.0
20160816_0946_1/10,"(125, 125)","(58, 87)",150.439645535
20160816_0946_1/11,"(125, 125)","(52, 77)",146.673710313
20160816_0946_1/12,"(125, 125)","(8, 125)",-180.0
20160816_0946_1/13,"(125, 125)","(33, 77)",152.447188423
20160816_0946_1/14,"(125, 125)","(45, 60)",140.906141114
20160816_0946_1/15,"(125, 125)","(20, 114)",174.019400475
20160816_0946_1/16,"(125, 125)","(42, 127)",-178.619645927
20160816_0946_1/17,"(125, 125)","(13, 81)",158.552263673
20160816_0946_1/18,"(125, 125)","(38, 53)",140.38931176
20160816_0946_1/2,"(125, 125)","(48, 75)",147.002294899
20160816_0946_1/3,"(125, 125)","(46, 83)",152.002852639
20160816_0946_1/4,"(125, 125)","(34, 122)",178.111811993
20160816_0946_1/5,"(125, 125)","(23, 81)",156.665958723
20160816_0946_1/6,"(125, 125)","(34, 70)",148.851419014
20160816_0946_1/7,"(125, 125)","(42, 76)",149.444035724
20160816_0946_1/8,"(125, 125)","(32, 86)",157.249023657
20160816_0947_1/0,"(125, 125)","(37, 76)",150.890144443
20160816_0947_1/1,"(125, 125)","(21, 98)",165.446427209
20160816_0947_1/10,"(125, 125)","(37, 86)",156.097949589
20160816_0947_1/11,"(125, 125)","(2, 110)",173.047042532
20160816_0947_1/12,"(125, 125)","(58, 104)",162.597295869
20160816_0947_1/13,"(125, 125)","(67, 101)",157.520565603
20160816_0947_1/14,"(125, 125)","(56, 104)",163.072486936
20160816_0947_1/15,"(125, 125)","(45, 115)",172.874983651
20160816_0947_1/16,"(125, 125)","(70, 72)",136.06091169
20160816_0947_1/2,"(125, 125)","(23, 80)",156.194056482
20160816_0947_1/4,"(125, 125)","(38, 95)",160.974393962
20160816_0947_1/6,"(125, 125)","(37, 104)",166.578164932
20160816_0947_1/7,"(125, 125)","(50, 71)",144.246112746
20160816_0947_1/8,"(125, 125)","(15, 113)",173.774170936
20160816_0947_1/9,"(125, 125)","(42, 77)",149.958636074
20160816_0948_0/0,"(125, 125)","(50, 175)",-146.309932474
20160816_0948_1/0,"(125, 125)","(26, 50)",142.853313302
20160816_0948_1/1,"(125, 125)","(16, 125)",-180.0
20160816_0949_0/0,"(125, 125)","(202, 70)",35.537677792
20160816_0950_1/1,"(125, 125)","(240, 58)",30.225449725
20160816_0950_1/2,"(125, 125)","(230, 46)",36.9571057665
20160816_0951_0/1,"(125, 125)","(128, 32)",88.152389734
20160816_0951_1/0,"(125, 125)","(245, 74)",23.0254920085
20160816_0951_1/1,"(125, 125)","(138, 11)",83.4943733543
20160816_0951_1/2,"(125, 125)","(207, 20)",52.0118582745
20160816_0951_1/5,"(125, 125)","(224, 50)",37.146686698
20160816_0951_1/6,"(125, 125)","(173, 37)",61.389540334
20160816_0951_1/7,"(125, 125)","(167, 28)",66.5878858307
20160816_0952_1/0,"(125, 125)","(131, 35)",86.1859251657
20160816_0952_1/1,"(125, 125)","(196, 26)",54.3529792501
20160816_0952_1/2,"(125, 125)","(170, 26)",65.5560452196
20160816_0952_1/3,"(125, 125)","(212, 42)",43.6521127198
20160816_0952_1/4,"(125, 125)","(212, 42)",43.6521127198
20160816_0953_1/0,"(125, 125)","(238, 64)",28.3611943296
20160816_0953_1/2,"(125, 125)","(217, 189)",-34.824489157
20160816_0953_1/3,"(125, 125)","(224, 200)",-37.146686698
20160816_0953_1/4,"(125, 125)","(240, 104)",10.348684088
20160816_0954_1/1,"(125, 125)","(242, 165)",-18.8745497582
20160816_0954_1/2,"(125, 125)","(228, 170)",-23.6001898679
20160816_0954_1/3,"(125, 125)","(232, 122)",1.60600298928
20160816_0954_1/4,"(125, 125)","(243, 143)",-8.67317404788
20160816_0955_1/0,"(125, 125)","(134, 38)",84.0938588862
20160816_0955_1/1,"(125, 125)","(31, 78)",153.434948823
20160816_0955_1/2,"(125, 125)","(28, 81)",155.600564076
20160816_0955_1/3,"(125, 125)","(23, 99)",165.699722551
20160816_0956_1/0,"(125, 125)","(14, 122)",178.451842301
20160816_0956_1/1,"(125, 125)","(23, 97)",164.649863508
20160816_0956_1/10,"(125, 125)","(48, 83)",151.389540334
20160816_0956_1/11,"(125, 125)","(47, 104)",164.931511841
20160816_0956_1/12,"(125, 125)","(37, 91)",158.875280854
20160816_0956_1/13,"(125, 125)","(37, 91)",158.875280854
20160816_0956_1/14,"(125, 125)","(23, 121)",177.754257434
20160816_0956_1/15,"(125, 125)","(8, 126)",-179.510304407
20160816_0956_1/17,"(125, 125)","(35, 75)",150.945395901
20160816_0956_1/18,"(125, 125)","(26, 101)",166.37300514
20160816_0956_1/19,"(125, 125)","(20, 128)",-178.363422958
20160816_0956_1/2,"(125, 125)","(29, 84)",156.873479611
20160816_0956_1/20,"(125, 125)","(41, 80)",151.82140989
20160816_0956_1/21,"(125, 125)","(223, 97)",15.9453959009
20160816_0956_1/23,"(125, 125)","(173, 26)",64.1336432059
20160816_0956_1/24,"(125, 125)","(76, 54)",124.611142185
20160816_0956_1/3,"(125, 125)","(40, 111)",170.64702075
20160816_0956_1/4,"(125, 125)","(24, 96)",163.979707698
20160816_0956_1/5,"(125, 125)","(63, 86)",147.828782871
20160816_0956_1/6,"(125, 125)","(27, 105)",168.465379346
20160816_0956_1/7,"(125, 125)","(2, 57)",151.064184493
20160816_0956_1/8,"(125, 125)","(178, 227)",-62.5432577154
20160816_0956_1/9,"(125, 125)","(50, 73)",145.26514046
20160816_0957_1/0,"(125, 125)","(58, 80)",146.113040536
20160816_0958_1/0,"(125, 125)","(34, 198)",-141.263490614
20160816_0958_1/1,"(125, 125)","(229, 52)",35.0659025296
20160816_0958_1/2,"(125, 125)","(209, 110)",10.1246716554
20160816_0959_1/0,"(125, 125)","(208, 44)",44.301305617
20160816_0959_1/2,"(125, 125)","(218, 36)",43.7409547928
20160816_0959_1/3,"(125, 125)","(198, 38)",50.0006445976
20160816_0959_1/4,"(125, 125)","(195, 43)",49.513988458
20160816_0959_1/5,"(125, 125)","(150, 39)",73.7909750722
20160816_0959_1/6,"(125, 125)","(203, 25)",52.0457691249
20160816_1000_0/10,"(125, 125)","(27, 34)",137.121096397
20160816_1001_0/0,"(125, 125)","(230, 38)",39.6441749571
20160816_1001_0/1,"(125, 125)","(158, 24)",71.9060934559
20160816_1001_1/0,"(125, 125)","(73, 200)",-124.73485954
20160816_1002_1/0,"(125, 125)","(18, 218)",-139.004172941
20160816_1002_1/1,"(125, 125)","(71, 13)",115.740708356
20160816_1002_1/10,"(125, 125)","(41, 77)",150.255118703
20160816_1002_1/11,"(125, 125)","(30, 98)",164.134292197
20160816_1002_1/12,"(125, 125)","(52, 68)",142.016501745
20160816_1002_1/2,"(125, 125)","(41, 47)",137.121096397
20160816_1002_1/3,"(125, 125)","(59, 42)",128.491043559
20160816_1002_1/4,"(125, 125)","(51, 54)",136.185260819
20160816_1002_1/5,"(125, 125)","(19, 111)",172.476179561
20160816_1002_1/6,"(125, 125)","(23, 98)",165.17352003
20160816_1002_1/7,"(125, 125)","(43, 87)",155.136303428
20160816_1002_1/8,"(125, 125)","(38, 84)",154.767168677
20160816_1002_1/9,"(125, 125)","(41, 79)",151.294047457
20160816_1003_0/0,"(125, 125)","(28, 175)",-152.730528012
20160816_1003_1/0,"(125, 125)","(34, 116)",174.351752626
20160816_1003_1/1,"(125, 125)","(29, 107)",169.380344724
20160816_1003_1/10,"(125, 125)","(17, 121)",177.878903603
20160816_1003_1/11,"(125, 125)","(21, 98)",165.446427209
20160816_1003_1/12,"(125, 125)","(18, 104)",168.896166563
20160816_1003_1/13,"(125, 125)","(50, 91)",155.613628898
20160816_1003_1/14,"(125, 125)","(30, 101)",165.821935585
20160816_1003_1/15,"(125, 125)","(18, 109)",171.495420759
20160816_1003_1/16,"(125, 125)","(18, 119)",176.790513682
20160816_1003_1/17,"(125, 125)","(207, 53)",41.2847108946
20160816_1003_1/18,"(125, 125)","(107, 58)",105.037815904
20160816_1003_1/2,"(125, 125)","(37, 68)",147.067768959
20160816_1003_1/3,"(125, 125)","(40, 73)",148.543176642
20160816_1003_1/4,"(125, 125)","(20, 130)",-177.273689006
20160816_1003_1/5,"(125, 125)","(21, 133)",-175.601294645
20160816_1003_1/6,"(125, 125)","(20, 130)",-177.273689006
20160816_1003_1/7,"(125, 125)","(27, 90)",160.346175942
20160816_1003_1/8,"(125, 125)","(38, 109)",169.579287603
20160816_1003_1/9,"(125, 125)","(54, 44)",131.235965135
20160816_1005_1/0,"(125, 125)","(111, 236)",-97.1885371427
20160816_1005_1/1,"(125, 125)","(111, 235)",-97.2531946127
20160816_1005_1/2,"(125, 125)","(77, 236)",-113.385221057
20160816_1006_1/0,"(125, 125)","(12, 92)",163.720326798
20160816_1006_1/1,"(125, 125)","(23, 63)",148.706961004
20160816_1006_1/2,"(125, 125)","(71, 46)",124.354336655
20160816_1006_1/3,"(125, 125)","(151, 39)",73.17859011
20160816_1006_1/4,"(125, 125)","(197, 72)",36.35719742
20160816_1006_1/5,"(125, 125)","(44, 56)",139.57392126
20160816_1006_1/6,"(125, 125)","(47, 197)",-137.290610043
20160816_1006_1/7,"(125, 125)","(33, 233)",-130.42607874
20160816_1007_0/0,"(125, 125)","(46, 80)",150.333284793
20160816_1007_1/0,"(125, 125)","(248, 135)",-4.64797069139
20160816_1007_1/1,"(125, 125)","(227, 123)",1.12330271408
20160816_1007_1/10,"(125, 125)","(133, 38)",84.7461972487
20160816_1007_1/2,"(125, 125)","(223, 160)",-19.6538240581
20160816_1007_1/3,"(125, 125)","(228, 175)",-25.8936469942
20160816_1007_1/4,"(125, 125)","(175, 215)",-60.9453959009
20160816_1007_1/5,"(125, 125)","(235, 132)",-3.6411852579
20160816_1007_1/6,"(125, 125)","(128, 221)",-88.2100893918
20160816_1007_1/7,"(125, 125)","(122, 127)",-146.309932474
20160816_1007_1/9,"(125, 125)","(159, 23)",71.5650511771
20160816_1008_0/0,"(125, 125)","(141, 48)",78.2614287933
20160816_1008_1/0,"(125, 125)","(147, 21)",78.0558228116
20160816_1008_1/1,"(125, 125)","(148, 28)",76.6607510966
20160816_1008_1/10,"(125, 125)","(87, 47)",115.974393962
20160816_1008_1/11,"(125, 125)","(245, 120)",2.38594403039
20160816_1008_1/2,"(125, 125)","(123, 23)",91.1233027141
20160816_1008_1/3,"(125, 125)","(143, 29)",79.3803447238
20160816_1008_1/4,"(125, 125)","(133, 24)",85.4711757631
20160816_1008_1/5,"(125, 125)","(159, 29)",70.4975514933
20160816_1008_1/6,"(125, 125)","(154, 209)",-70.9533757024
20160816_1008_1/8,"(125, 125)","(98, 227)",-104.82647997
20160816_1008_1/9,"(125, 125)","(126, 240)",-89.5017883874
20160816_1009_1/0,"(125, 125)","(122, 48)",92.231174608
20160816_1009_1/1,"(125, 125)","(180, 219)",-59.6678249037
20160816_1009_1/11,"(125, 125)","(185, 248)",-63.9966541555
20160816_1009_1/2,"(125, 125)","(180, 239)",-64.2447292398
20160816_1009_1/3,"(125, 125)","(104, 11)",100.437475351
20160816_1009_1/4,"(125, 125)","(215, 231)",-49.6668583714
20160816_1009_1/5,"(125, 125)","(224, 152)",-15.2551187031
20160816_1009_1/7,"(125, 125)","(119, 235)",-93.1221304621
20160816_1009_1/8,"(125, 125)","(143, 236)",-80.7889734592
20160816_1009_1/9,"(125, 125)","(118, 17)",93.7084281571
20160816_1010_0/4,"(125, 125)","(239, 185)",-27.7585406011
20160816_1010_0/5,"(125, 125)","(234, 135)",-5.24181994698
20160816_1010_0/6,"(125, 125)","(57, 155)",-156.194056482
20160816_1010_1/0,"(125, 125)","(167, 194)",-58.6713071322
20160816_1010_1/1,"(125, 125)","(219, 215)",-43.7546357332
20160816_1010_1/2,"(125, 125)","(217, 212)",-43.3999752849
20160816_1012_0/9,"(125, 125)","(49, 59)",139.028263666
20160816_1012_1/1,"(125, 125)","(26, 158)",-161.565051177
20160816_1013_0/2,"(125, 125)","(74, 177)",-134.443747773
20160816_1013_0/3,"(125, 125)","(80, 188)",-125.537677792
20160816_1013_0/6,"(125, 125)","(208, 155)",-19.8721758192
20160816_1013_1/0,"(125, 125)","(99, 200)",-109.11972633
20160816_1014_0/5,"(125, 125)","(65, 208)",-125.862848986
20160816_1015_1/11,"(125, 125)","(152, 212)",-72.7585406011
20160816_1015_1/12,"(125, 125)","(183, 30)",58.5948363341
20160816_1015_1/13,"(125, 125)","(217, 55)",37.266401901
20160816_1015_1/14,"(125, 125)","(110, 30)",98.9726266149
20160816_1015_1/2,"(125, 125)","(196, 116)",7.22431569405
20160816_1015_1/3,"(125, 125)","(220, 76)",27.2842072936
20160816_1015_1/4,"(125, 125)","(177, 11)",65.4803573118
20160816_1015_1/5,"(125, 125)","(245, 69)",25.0168934781
20160816_1015_1/9,"(125, 125)","(133, 5)",86.1859251657
20160816_1016_1/0,"(125, 125)","(237, 144)",-9.62815612849
20160816_1016_1/1,"(125, 125)","(232, 152)",-14.1621680553
20160816_1016_1/10,"(125, 125)","(29, 122)",178.210089392
20160816_1016_1/11,"(125, 125)","(20, 113)",173.480198248
20160816_1016_1/12,"(125, 125)","(14, 155)",-164.875992692
20160816_1016_1/13,"(125, 125)","(7, 104)",169.908942761
20160816_1016_1/14,"(125, 125)","(22, 191)",-147.349197703
20160816_1016_1/15,"(125, 125)","(73, 186)",-130.446232021
20160816_1016_1/16,"(125, 125)","(16, 129)",-177.898345672
20160816_1016_1/17,"(125, 125)","(35, 183)",-147.200468727
20160816_1016_1/18,"(125, 125)","(6, 139)",-173.290163192
20160816_1016_1/19,"(125, 125)","(19, 107)",170.362461887
20160816_1016_1/2,"(125, 125)","(36, 79)",152.667640508
20160816_1016_1/20,"(125, 125)","(14, 137)",-173.829824905
20160816_1016_1/22,"(125, 125)","(11, 83)",159.775140569
20160816_1016_1/23,"(125, 125)","(16, 111)",172.680980624
20160816_1016_1/24,"(125, 125)","(24, 149)",-166.633069304
20160816_1016_1/25,"(125, 125)","(11, 126)",-179.497418333
20160816_1016_1/26,"(125, 125)","(10, 121)",178.007906427
20160816_1016_1/27,"(125, 125)","(22, 111)",172.259658841
20160816_1016_1/28,"(125, 125)","(10, 120)",177.510447078
20160816_1016_1/29,"(125, 125)","(17, 185)",-150.945395901
20160816_1016_1/3,"(125, 125)","(23, 114)",173.844831657
20160816_1016_1/30,"(125, 125)","(13, 103)",168.886959464
20160816_1016_1/31,"(125, 125)","(17, 97)",165.465544919
20160816_1016_1/4,"(125, 125)","(17, 115)",174.709918795
20160816_1016_1/5,"(125, 125)","(11, 120)",177.488636733
20160816_1016_1/6,"(125, 125)","(39, 71)",147.87500156
20160816_1016_1/7,"(125, 125)","(23, 119)",176.633539337
20160816_1016_1/8,"(125, 125)","(128, 214)",-88.0694125588
20160816_1016_1/9,"(125, 125)","(13, 127)",-178.976969811
20160816_1017_1/0,"(125, 125)","(26, 124)",179.421274434
20160816_1017_1/1,"(125, 125)","(11, 79)",158.025492009
20160816_1017_1/10,"(125, 125)","(42, 164)",-154.83212985
20160816_1017_1/11,"(125, 125)","(37, 167)",-154.486129572
20160816_1017_1/2,"(125, 125)","(13, 122)",178.4656585
20160816_1017_1/3,"(125, 125)","(11, 135)",-174.986886245
20160816_1017_1/7,"(125, 125)","(71, 158)",-148.570434385
20160816_1017_1/8,"(125, 125)","(26, 143)",-169.695153531
20160816_1017_1/9,"(125, 125)","(26, 152)",-164.744881297
20160816_1018_0/13,"(125, 125)","(209, 193)",-38.9909940425
20160816_1018_0/3,"(125, 125)","(73, 29)",118.442928624
20160816_1018_0/4,"(125, 125)","(36, 152)",-163.123735383
20160816_1018_0/5,"(125, 125)","(29, 157)",-161.565051177
20160816_1018_0/7,"(125, 125)","(26, 167)",-157.011283198
20160816_1018_0/8,"(125, 125)","(16, 131)",-176.849283587
20160816_1018_1/0,"(125, 125)","(189, 23)",57.8937440449
20160816_1018_1/1,"(125, 125)","(209, 233)",-52.1250163489
20160816_1018_1/10,"(125, 125)","(226, 86)",21.1135000784
20160816_1018_1/11,"(125, 125)","(107, 219)",-100.840305454
20160816_1018_1/12,"(125, 125)","(92, 236)",-106.557071376
20160816_1018_1/2,"(125, 125)","(217, 40)",42.7352454518
20160816_1018_1/3,"(125, 125)","(157, 212)",-69.8056657548
20160816_1018_1/4,"(125, 125)","(239, 197)",-32.2756443146
20160816_1018_1/5,"(125, 125)","(126, 35)",89.363406424
20160816_1018_1/6,"(125, 125)","(99, 34)",105.945395901
20160816_1018_1/7,"(125, 125)","(126, 11)",89.4974183333
20160816_1018_1/8,"(125, 125)","(175, 20)",64.5366549381
20160816_1018_1/9,"(125, 125)","(150, 232)",-76.8490513191
20160816_1019_1/0,"(125, 125)","(207, 47)",43.5679038158
20160816_1019_1/1,"(125, 125)","(95, 218)",-107.878696596
20160816_1019_1/10,"(125, 125)","(116, 210)",-96.0440921622
20160816_1019_1/11,"(125, 125)","(113, 238)",-96.0617887887
20160816_1019_1/13,"(125, 125)","(108, 209)",-101.441043869
20160816_1019_1/14,"(125, 125)","(56, 214)",-127.785737961
20160816_1019_1/15,"(125, 125)","(133, 66)",82.2781741999
20160816_1019_1/16,"(125, 125)","(130, 228)",-87.2208331359
20160816_1019_1/17,"(125, 125)","(110, 182)",-104.743562836
20160816_1019_1/18,"(125, 125)","(110, 173)",-107.354024636
20160816_1019_1/19,"(125, 125)","(229, 112)",7.1250163489
20160816_1019_1/2,"(125, 125)","(103, 203)",-105.751173663
20160816_1019_1/20,"(125, 125)","(113, 232)",-96.3989566274
20160816_1019_1/21,"(125, 125)","(118, 230)",-93.8140748343
20160816_1019_1/23,"(125, 125)","(71, 221)",-119.357753543
20160816_1019_1/24,"(125, 125)","(176, 25)",62.9784184088
20160816_1019_1/25,"(125, 125)","(155, 24)",73.4570165954
20160816_1019_1/26,"(125, 125)","(121, 233)",-92.1210963967
20160816_1019_1/27,"(125, 125)","(92, 217)",-109.7326895
20160816_1019_1/28,"(125, 125)","(230, 95)",15.9453959009
20160816_1019_1/29,"(125, 125)","(116, 228)",-94.9937439858
20160816_1019_1/3,"(125, 125)","(243, 101)",11.4965630176
20160816_1019_1/30,"(125, 125)","(115, 236)",-95.1478848241
20160816_1019_1/4,"(125, 125)","(216, 91)",20.4870141933
20160816_1019_1/5,"(125, 125)","(114, 212)",-97.2060570014
20160816_1019_1/6,"(125, 125)","(135, 233)",-84.7099187946
20160816_1019_1/7,"(125, 125)","(77, 216)",-117.810415444
20160816_1019_1/8,"(125, 125)","(179, 31)",60.1240073083
20160816_1019_1/9,"(125, 125)","(101, 235)",-102.308015817
20160816_1020_0/0,"(125, 125)","(10, 156)",-164.913645992
20160816_1020_0/2,"(125, 125)","(74, 221)",-117.979474388
20160816_1020_0/9,"(125, 125)","(200, 193)",-42.1975484801
20160816_1020_1/0,"(125, 125)","(204, 63)",38.1251819713
20160816_1020_1/1,"(125, 125)","(235, 55)",32.4711922908
20160816_1020_1/10,"(125, 125)","(122, 237)",-91.5343414997
20160816_1020_1/12,"(125, 125)","(108, 221)",-100.042023636
20160816_1020_1/13,"(125, 125)","(11, 74)",155.897765499
20160816_1020_1/14,"(125, 125)","(89, 221)",-110.55604522
20160816_1020_1/15,"(125, 125)","(11, 90)",162.932595182
20160816_1020_1/16,"(125, 125)","(118, 224)",-94.0444855742
20160816_1020_1/17,"(125, 125)","(23, 83)",157.619864948
20160816_1020_1/18,"(125, 125)","(27, 98)",164.596575038
20160816_1020_1/19,"(125, 125)","(22, 81)",156.868579185
20160816_1020_1/2,"(125, 125)","(89, 238)",-107.671050362
20160816_1020_1/20,"(125, 125)","(29, 68)",149.300277449
20160816_1020_1/21,"(125, 125)","(7, 88)",162.590697253
20160816_1020_1/22,"(125, 125)","(15, 59)",149.036243468
20160816_1020_1/23,"(125, 125)","(8, 104)",169.824489157
20160816_1020_1/24,"(125, 125)","(12, 111)",172.93739733
20160816_1020_1/25,"(125, 125)","(50, 112)",170.166436036
20160816_1020_1/26,"(125, 125)","(100, 218)",-105.046391832
20160816_1020_1/27,"(125, 125)","(20, 131)",-176.729512077
20160816_1020_1/28,"(125, 125)","(20, 131)",-176.729512077
20160816_1020_1/29,"(125, 125)","(113, 239)",-96.0090059575
20160816_1020_1/3,"(125, 125)","(97, 239)",-103.799485396
20160816_1020_1/30,"(125, 125)","(8, 84)",160.688143436
20160816_1020_1/5,"(125, 125)","(71, 230)",-117.216111557
20160816_1020_1/6,"(125, 125)","(93, 230)",-106.949224234
20160816_1020_1/7,"(125, 125)","(100, 230)",-103.392497754
20160816_1020_1/8,"(125, 125)","(107, 242)",-98.7461622626
20160816_1020_1/9,"(125, 125)","(122, 232)",-91.6060029893
20160816_1021_1/0,"(125, 125)","(89, 238)",-107.671050362
20160816_1021_1/1,"(125, 125)","(26, 131)",-176.531770741
20160816_1021_1/10,"(125, 125)","(39, 218)",-132.760524062
20160816_1021_1/11,"(125, 125)","(112, 231)",-96.9919253467
20160816_1021_1/12,"(125, 125)","(8, 78)",158.114207983
20160816_1021_1/13,"(125, 125)","(36, 61)",144.280045688
20160816_1021_1/15,"(125, 125)","(26, 89)",160.016893478
20160816_1021_1/18,"(125, 125)","(124, 226)",-90.5672664099
20160816_1021_1/19,"(125, 125)","(7, 134)",-175.638427355
20160816_1021_1/2,"(125, 125)","(32, 89)",158.838740183
20160816_1021_1/20,"(125, 125)","(29, 100)",165.403424475
20160816_1021_1/21,"(125, 125)","(20, 128)",-178.363422958
20160816_1021_1/22,"(125, 125)","(83, 222)",-113.412114169
20160816_1021_1/24,"(125, 125)","(20, 63)",149.439160733
20160816_1021_1/26,"(125, 125)","(152, 225)",-74.8904248777
20160816_1021_1/27,"(125, 125)","(47, 76)",147.862751019
20160816_1021_1/28,"(125, 125)","(128, 206)",-87.8789036033
20160816_1021_1/29,"(125, 125)","(0, 135)",-175.42607874
20160816_1021_1/3,"(125, 125)","(102, 233)",-102.022276686
20160816_1021_1/30,"(125, 125)","(129, 233)",-87.8789036033
20160816_1021_1/31,"(125, 125)","(134, 227)",-84.9575489308
20160816_1021_1/32,"(125, 125)","(9, 113)",174.093858886
20160816_1021_1/33,"(125, 125)","(8, 65)",152.850318302
20160816_1021_1/34,"(125, 125)","(94, 222)",-107.723236617
20160816_1021_1/35,"(125, 125)","(38, 162)",-156.96056402
20160816_1021_1/37,"(125, 125)","(89, 248)",-106.313852426
20160816_1021_1/38,"(125, 125)","(95, 226)",-106.542983405
20160816_1021_1/39,"(125, 125)","(44, 101)",163.495638618
20160816_1021_1/4,"(125, 125)","(24, 102)",167.171217129
20160816_1021_1/40,"(125, 125)","(109, 238)",-98.0591039029
20160816_1021_1/41,"(125, 125)","(102, 231)",-102.242331199
20160816_1021_1/42,"(125, 125)","(28, 110)",171.209456817
20160816_1021_1/43,"(125, 125)","(114, 227)",-96.1551683433
20160816_1021_1/44,"(125, 125)","(99, 237)",-103.069317896
20160816_1021_1/45,"(125, 125)","(155, 230)",-74.0546040991
20160816_1021_1/5,"(125, 125)","(7, 128)",-178.543641366
20160816_1021_1/6,"(125, 125)","(147, 227)",-77.8285417914
20160816_1021_1/7,"(125, 125)","(121, 236)",-92.0638197285
20160816_1021_1/8,"(125, 125)","(119, 242)",-92.9356734464
20160816_1022_0/0,"(125, 125)","(171, 231)",-66.5409759185
20160816_1022_1/0,"(125, 125)","(164, 236)",-70.6410058243
20160816_1022_1/1,"(125, 125)","(107, 224)",-100.304846469
20160816_1022_1/10,"(125, 125)","(140, 230)",-81.8698976458
20160816_1022_1/13,"(125, 125)","(144, 225)",-79.2420329116
20160816_1022_1/14,"(125, 125)","(105, 221)",-101.768288932
20160816_1022_1/15,"(125, 125)","(87, 232)",-109.551995173
20160816_1022_1/16,"(125, 125)","(85, 233)",-110.32313683
20160816_1022_1/17,"(125, 125)","(104, 234)",-100.905022045
20160816_1022_1/18,"(125, 125)","(130, 234)",-87.3735943617
20160816_1022_1/19,"(125, 125)","(143, 235)",-80.7066914006
20160816_1022_1/2,"(125, 125)","(74, 220)",-118.228776181
20160816_1022_1/20,"(125, 125)","(148, 239)",-78.593447416
20160816_1022_1/21,"(125, 125)","(131, 243)",-87.0891621738
20160816_1022_1/24,"(125, 125)","(120, 224)",-92.8912695962
20160816_1022_1/25,"(125, 125)","(59, 224)",-123.690067526
20160816_1022_1/26,"(125, 125)","(150, 239)",-77.6309384741
20160816_1022_1/27,"(125, 125)","(126, 242)",-89.5103044069
20160816_1022_1/28,"(125, 125)","(66, 229)",-119.566575505
20160816_1022_1/29,"(125, 125)","(80, 210)",-117.897271031
20160816_1022_1/3,"(125, 125)","(140, 236)",-82.303948278
20160816_1022_1/30,"(125, 125)","(101, 234)",-102.41744579
20160816_1022_1/31,"(125, 125)","(170, 230)",-66.8014094864
20160816_1022_1/4,"(125, 125)","(107, 218)",-100.954062643
20160816_1022_1/5,"(125, 125)","(119, 232)",-93.2094863178
20160816_1022_1/6,"(125, 125)","(116, 232)",-94.807953963
20160816_1022_1/8,"(125, 125)","(143, 233)",-80.537677792
20160816_1022_1/9,"(125, 125)","(99, 219)",-105.46121774
20160816_1023_1/1,"(125, 125)","(56, 242)",-120.5297059
20160816_1023_1/10,"(125, 125)","(50, 228)",-126.060434997
20160816_1023_1/11,"(125, 125)","(56, 227)",-124.07719528
20160816_1023_1/12,"(125, 125)","(47, 222)",-128.803586571
20160816_1023_1/13,"(125, 125)","(199, 224)",-53.2228138906
20160816_1023_1/15,"(125, 125)","(117, 233)",-94.2363947991
20160816_1023_1/16,"(125, 125)","(126, 236)",-89.4838357702
20160816_1023_1/17,"(125, 125)","(144, 233)",-80.0222873798
20160816_1023_1/18,"(125, 125)","(118, 235)",-93.6411852579
20160816_1023_1/19,"(125, 125)","(168, 237)",-68.9967772886
20160816_1023_1/2,"(125, 125)","(81, 217)",-115.559965172
20160816_1023_1/20,"(125, 125)","(149, 224)",-76.3730051401
20160816_1023_1/21,"(125, 125)","(86, 228)",-110.738709148
20160816_1023_1/3,"(125, 125)","(125, 224)",-90.0
20160816_1023_1/5,"(125, 125)","(66, 213)",-123.840056135
20160816_1023_1/6,"(125, 125)","(187, 215)",-55.4374753511
20160816_1023_1/9,"(125, 125)","(69, 227)",-118.767649339
20160816_1024_1/0,"(125, 125)","(17, 102)",167.977723314
20160816_1024_1/2,"(125, 125)","(165, 26)",67.9993016495
20160816_1024_1/4,"(125, 125)","(163, 39)",66.1612598168
20160816_1025_0/1,"(125, 125)","(128, 20)",88.3634229584
20160816_1025_1/0,"(125, 125)","(18, 123)",178.929175545
20160816_1025_1/1,"(125, 125)","(20, 53)",145.561010691
20160816_1027_1/1,"(125, 125)","(32, 208)",-138.2519456
20160816_1027_1/2,"(125, 125)","(82, 227)",-112.85876188
20160816_1027_1/3,"(125, 125)","(16, 176)",-154.925580658
20160816_1027_1/4,"(125, 125)","(50, 215)",-129.805571092
20160816_1031_1/0,"(125, 125)","(203, 200)",-43.8766972859
20160816_1031_1/1,"(125, 125)","(230, 173)",-24.5671713206
20160816_1031_1/2,"(125, 125)","(212, 221)",-47.8155566842
20160816_1034_1/4,"(125, 125)","(46, 172)",-149.250032698
20160816_1034_1/5,"(125, 125)","(41, 194)",-140.599339337
20160816_1035_0/5,"(125, 125)","(20, 189)",-148.636697786
20160816_1036_1/0,"(125, 125)","(207, 103)",15.0183606312
20160816_1036_1/10,"(125, 125)","(118, 232)",-93.7429882957
20160816_1036_1/2,"(125, 125)","(211, 31)",47.5448043798
20160816_1036_1/3,"(125, 125)","(236, 145)",-10.2139729851
20160816_1036_1/6,"(125, 125)","(10, 134)",-175.525103494
20160816_1036_1/7,"(125, 125)","(20, 152)",-165.579226872
20160816_1036_1/9,"(125, 125)","(29, 202)",-141.267481405
20160816_1038_0/16,"(125, 125)","(39, 210)",-135.335059219
20160816_1038_0/4,"(125, 125)","(-209, 233)",-162.081215407
20160816_1038_0/6,"(125, 125)","(17, 144)",-170.02228738
20160816_1038_0/7,"(125, 125)","(19, 105)",169.3150876
20160816_1039_0/10,"(125, 125)","(22, 94)",163.249735495
20160816_1039_0/8,"(125, 125)","(71, 35)",120.963756532
20160816_1040_0/0,"(125, 125)","(15, 164)",-160.478269724
20160816_1040_1/0,"(125, 125)","(129, 23)",87.7542574341
20160816_1040_1/1,"(125, 125)","(230, 32)",41.5317707411
20160816_1041_1/10,"(125, 125)","(157, 13)",74.0546040991
20160816_1041_1/2,"(125, 125)","(242, 52)",31.961343417
20160816_1041_1/3,"(125, 125)","(186, 30)",57.295266423
20160816_1041_1/4,"(125, 125)","(179, 22)",62.3332427077
20160816_1041_1/5,"(125, 125)","(212, 34)",46.2873289415
20160816_1041_1/6,"(125, 125)","(147, 16)",78.5890168732
20160816_1041_1/7,"(125, 125)","(137, 22)",83.3547217897
20160816_1041_1/8,"(125, 125)","(137, 20)",83.4801982483
20160816_1041_1/9,"(125, 125)","(145, 18)",79.4126786818
20160816_1042_1/0,"(125, 125)","(133, 193)",-83.2901631922
20160816_1042_1/1,"(125, 125)","(137, 209)",-81.8698976458
20160816_1043_0/1,"(125, 125)","(103, 189)",-108.970407808
20160816_1043_0/2,"(125, 125)","(42, 189)",-142.364746245
20160816_1043_0/3,"(125, 125)","(114, 218)",-96.7455796475
20160816_1043_0/4,"(125, 125)","(110, 219)",-99.0665027398
20160816_1043_0/5,"(125, 125)","(41, 55)",140.194428908
20160816_1043_0/6,"(125, 125)","(25, 210)",-139.635463427
20160816_1043_0/8,"(125, 125)","(50, 230)",-125.537677792
20160816_1044_1/0,"(125, 125)","(25, 142)",-170.351954684
20160816_1044_1/1,"(125, 125)","(17, 130)",-177.349310317
20160816_1044_1/2,"(125, 125)","(31, 179)",-150.124007308
20160816_1044_1/3,"(125, 125)","(30, 168)",-155.646990825
20160816_1044_1/4,"(125, 125)","(27, 190)",-146.445063779
20160816_1044_1/5,"(125, 125)","(26, 184)",-149.206766118
20160816_1044_1/6,"(125, 125)","(29, 188)",-146.725112015
20160816_1044_1/7,"(125, 125)","(20, 71)",152.783888443
20160816_1044_1/8,"(125, 125)","(30, 223)",-134.109463747
20160816_1045_1/0,"(125, 125)","(7, 152)",-167.111814874
20160816_1045_1/1,"(125, 125)","(3, 109)",172.528440823
20160816_1046_1/1,"(125, 125)","(27, 66)",148.950342813
20160816_1046_1/2,"(125, 125)","(9, 108)",171.662555561
20160816_1046_1/3,"(125, 125)","(14, 128)",-178.451842301
20160816_1046_1/4,"(125, 125)","(196, 77)",34.0609088168
20160816_1046_1/5,"(125, 125)","(237, 132)",-3.576334375
20160816_1047_1/1,"(125, 125)","(246, 169)",-19.9831065219
20160816_1047_1/2,"(125, 125)","(245, 169)",-20.1363034282
20160816_1047_1/3,"(125, 125)","(128, 227)",-88.3153156821
20160816_1047_1/4,"(125, 125)","(82, 44)",117.962232204
20160816_1047_1/5,"(125, 125)","(25, 140)",-171.46923439
20160816_1047_1/6,"(125, 125)","(25, 124)",179.427061302
20160816_1048_1/1,"(125, 125)","(119, 29)",93.576334375
20160816_1048_1/2,"(125, 125)","(98, 28)",105.55457127
20160816_1048_1/3,"(125, 125)","(100, 27)",104.311041263
20160816_1048_1/5,"(125, 125)","(241, 85)",19.0256060376
20160816_1048_1/6,"(125, 125)","(234, 78)",23.325350881
20160816_1049_0/0,"(125, 125)","(36, 133)",-174.863621508
20160816_1049_1/2,"(125, 125)","(212, 92)",20.772254682
20160816_1049_1/3,"(125, 125)","(221, 103)",12.9074086713
20160816_1050_1/0,"(125, 125)","(226, 101)",13.3669306963
20160816_1050_1/1,"(125, 125)","(223, 100)",14.3110412626
20160816_1050_1/10,"(125, 125)","(224, 47)",38.2338251774
20160816_1050_1/11,"(125, 125)","(126, 34)",89.3704013916
20160816_1050_1/12,"(125, 125)","(57, 57)",135.0
20160816_1050_1/16,"(125, 125)","(207, 38)",46.6946470685
20160816_1050_1/2,"(125, 125)","(225, 111)",7.96961039432
20160816_1050_1/3,"(125, 125)","(244, 110)",7.18426739243
20160816_1050_1/4,"(125, 125)","(120, 224)",-92.8912695962
20160816_1050_1/5,"(125, 125)","(195, 44)",49.1665048855
20160816_1050_1/6,"(125, 125)","(221, 125)",-0.0
20160816_1050_1/7,"(125, 125)","(140, 157)",-64.8851651139
20160816_1050_1/9,"(125, 125)","(218, 62)",34.1144729453
20160816_1051_0/0,"(125, 125)","(74, 170)",-138.576334375
20160816_1051_0/1,"(125, 125)","(119, 33)",93.7313969992
20160816_1051_0/10,"(125, 125)","(52, 51)",134.610238805
20160816_1051_0/12,"(125, 125)","(66, 58)",131.367049261
20160816_1051_1/0,"(125, 125)","(224, 86)",21.501434324
20160816_1051_1/1,"(125, 125)","(242, 142)",-8.26717333551
20160816_1051_1/2,"(125, 125)","(209, 53)",40.601294645
20160816_1051_1/3,"(125, 125)","(191, 37)",53.1301023542
20160816_1051_1/4,"(125, 125)","(236, 121)",2.06381972846
20160816_1051_1/5,"(125, 125)","(228, 99)",14.1670555226
20160816_1051_1/6,"(125, 125)","(61, 180)",-139.325060435
20160816_1051_1/7,"(125, 125)","(211, 82)",26.5650511771
20160816_1052_1/0,"(125, 125)","(211, 82)",26.5650511771
20160816_1052_1/1,"(125, 125)","(64, 195)",-131.069824454
20160816_1052_1/10,"(125, 125)","(32, 161)",-158.838740183
20160816_1052_1/11,"(125, 125)","(122, 230)",-91.6365770416
20160816_1052_1/2,"(125, 125)","(219, 60)",34.6634458535
20160816_1052_1/4,"(125, 125)","(233, 170)",-22.619864948
20160816_1052_1/5,"(125, 125)","(195, 200)",-46.9749340109
20160816_1052_1/6,"(125, 125)","(10, 143)",-171.10414303
20160816_1052_1/7,"(125, 125)","(131, 29)",86.423665625
20160816_1053_0/11,"(125, 125)","(174, 240)",-66.921778594
20160816_1053_0/12,"(125, 125)","(137, 223)",-83.0189425932
20160816_1053_0/14,"(125, 125)","(119, 41)",94.08561678
20160816_1053_0/27,"(125, 125)","(131, 231)",-86.7602997039
20160816_1053_1/0,"(125, 125)","(144, 46)",76.4768393496
20160816_1053_1/10,"(125, 125)","(98, 41)",107.818888915
20160816_1053_1/11,"(125, 125)","(176, 60)",51.8817236306
20160816_1053_1/12,"(125, 125)","(145, 28)",78.3497005625
20160816_1053_1/13,"(125, 125)","(91, 28)",109.31635282
20160816_1053_1/14,"(125, 125)","(151, 9)",77.3666380647
20160816_1053_1/15,"(125, 125)","(205, 98)",18.6495387541
20160816_1053_1/16,"(125, 125)","(170, 38)",62.6501242199
20160816_1053_1/3,"(125, 125)","(72, 53)",126.35719742
20160816_1053_1/4,"(125, 125)","(22, 80)",156.399810132
20160816_1053_1/5,"(125, 125)","(119, 38)",93.945186229
20160816_1053_1/9,"(125, 125)","(185, 35)",56.309932474
20160816_1054_0/0,"(125, 125)","(49, 197)",-136.548157699
20160816_1054_0/11,"(125, 125)","(181, 116)",9.13017648228
20160816_1054_0/17,"(125, 125)","(55, 221)",-126.098283967
20160816_1054_0/19,"(125, 125)","(87, 228)",-110.250633509
20160816_1054_0/20,"(125, 125)","(78, 221)",-116.085599778
20160816_1054_0/21,"(125, 125)","(88, 220)",-111.279604428
20160816_1054_0/22,"(125, 125)","(35, 44)",138.012787504
20160816_1054_0/23,"(125, 125)","(35, 232)",-130.067912572
20160816_1054_0/27,"(125, 125)","(103, 229)",-101.944177188
20160816_1054_0/28,"(125, 125)","(107, 228)",-99.9127514467
20160816_1054_0/3,"(125, 125)","(122, 26)",91.7357045889
20160816_1054_0/4,"(125, 125)","(28, 77)",153.671706895
20160816_1054_0/9,"(125, 125)","(8, 139)",-173.176537601
20160816_1055_0/0,"(125, 125)","(116, 232)",-94.807953963
20160816_1055_0/18,"(125, 125)","(233, 170)",-22.619864948
20160816_1055_0/2,"(125, 125)","(48, 89)",154.942384582
20160816_1055_0/3,"(125, 125)","(110, 227)",-98.365886124
20160816_1055_0/30,"(125, 125)","(218, 187)",-33.690067526
20160816_1055_0/6,"(125, 125)","(214, 46)",41.593556245
20160816_1055_0/8,"(125, 125)","(41, 72)",147.750025836
20160816_1055_0/9,"(125, 125)","(65, 40)",125.217592968
20160816_1055_1/0,"(125, 125)","(101, 6)",101.402494234
20160816_1055_1/1,"(125, 125)","(8, 107)",171.253837737
20160816_1055_1/11,"(125, 125)","(11, 135)",-174.986886245
20160816_1055_1/12,"(125, 125)","(23, 179)",-152.102728969
20160816_1055_1/13,"(125, 125)","(3, 119)",177.184443316
20160816_1055_1/14,"(125, 125)","(2, 138)",-173.966746994
20160816_1055_1/15,"(125, 125)","(50, 35)",129.805571092
20160816_1055_1/17,"(125, 125)","(54, 61)",137.96823403
20160816_1055_1/18,"(125, 125)","(48, 222)",-128.443053502
20160816_1055_1/19,"(125, 125)","(18, 182)",-151.955313052
20160816_1055_1/2,"(125, 125)","(13, 53)",147.264773728
20160816_1055_1/3,"(125, 125)","(18, 128)",-178.393997011
20160816_1055_1/4,"(125, 125)","(27, 47)",141.483073693
20160816_1055_1/9,"(125, 125)","(14, 110)",172.303948278
20160816_1056_0/10,"(125, 125)","(125, 125)",-0.0
20160816_1056_1/3,"(125, 125)","(71, 92)",148.570434385
20160816_1057_0/11,"(125, 125)","(45, 65)",143.130102354
20160816_1057_0/25,"(125, 125)","(67, 172)",-140.980599525
20160816_1057_0/29,"(125, 125)","(197, 212)",-50.38931176
20160816_1057_1/0,"(125, 125)","(20, 73)",153.653633942
20160816_1057_1/1,"(125, 125)","(16, 130)",-177.373594362
20160816_1057_1/10,"(125, 125)","(17, 128)",-178.408859729
20160816_1057_1/11,"(125, 125)","(11, 61)",150.689992929
20160816_1057_1/2,"(125, 125)","(38, 172)",-151.620756914
20160816_1057_1/3,"(125, 125)","(18, 51)",145.332700516
20160816_1057_1/4,"(125, 125)","(12, 176)",-155.709037592
20160816_1057_1/5,"(125, 125)","(11, 68)",153.434948823
20160816_1057_1/6,"(125, 125)","(17, 83)",158.749494493
20160816_1057_1/7,"(125, 125)","(47, 183)",-143.365886124
20160816_1057_1/8,"(125, 125)","(26, 49)",142.487388197
20160816_1057_1/9,"(125, 125)","(11, 131)",-176.987212496
20160816_1058_0/11,"(125, 125)","(101, 219)",-104.322719978
20160816_1058_0/17,"(125, 125)","(74, 223)",-117.492836952
20160816_1058_0/36,"(125, 125)","(113, 17)",96.3401917459
20160816_1058_0/37,"(125, 125)","(44, 77)",149.349332043
20160816_1058_0/4,"(125, 125)","(68, 244)",-115.594029246
20160816_1058_0/6,"(125, 125)","(89, 227)",-109.440034828
20160816_1058_1/0,"(125, 125)","(20, 114)",174.019400475
20160816_1058_1/1,"(125, 125)","(53, 17)",123.690067526
20160816_1058_1/2,"(125, 125)","(16, 123)",178.94881925
20160816_1059_1/0,"(125, 125)","(152, 29)",74.291362171
20160816_1059_1/1,"(125, 125)","(111, 222)",-98.2127801893
20160816_1059_1/2,"(125, 125)","(50, 71)",144.246112746
20160816_1059_1/3,"(125, 125)","(50, 71)",144.246112746
20160816_1059_1/4,"(125, 125)","(125, 231)",-90.0
20160816_1059_1/5,"(125, 125)","(21, 95)",163.909183651
20160816_1100_1/0,"(125, 125)","(177, 231)",-63.8689994551
20160816_1102_1/1,"(125, 125)","(239, 141)",-7.9893267664
20160816_1102_1/2,"(125, 125)","(93, 29)",108.434948823
20160816_1102_1/4,"(125, 125)","(234, 72)",25.9308064627
20160816_1102_1/5,"(125, 125)","(242, 117)",3.91157181253
20160816_1102_1/6,"(125, 125)","(219, 58)",35.4799781342
20160816_1103_1/0,"(125, 125)","(239, 146)",-10.4374753511
20160816_1103_1/1,"(125, 125)","(228, 89)",19.2652643092
20160816_1103_1/2,"(125, 125)","(212, 50)",40.7636052009
20160816_1103_1/3,"(125, 125)","(221, 65)",32.0053832081
20160816_1103_1/4,"(125, 125)","(230, 89)",18.9246444161
20160816_1103_1/5,"(125, 125)","(224, 71)",28.610459666
20160816_1103_1/6,"(125, 125)","(238, 116)",4.55376797916
20160816_1103_1/7,"(125, 125)","(233, 124)",0.530501316674
20160816_1104_1/0,"(125, 125)","(11, 110)",172.50414236
20160816_1104_1/1,"(125, 125)","(9, 94)",165.037844746
20160816_1104_1/3,"(125, 125)","(19, 80)",156.997403407
20160816_1104_1/9,"(125, 125)","(32, 115)",173.862744051
20160816_1105_1/2,"(125, 125)","(148, 230)",-77.6446401349
20160816_1106_0/8,"(125, 125)","(131, 40)",85.962289379
20160816_1106_1/0,"(125, 125)","(137, 230)",-83.4801982483
20160816_1106_1/1,"(125, 125)","(134, 244)",-85.6749395653
20160816_1106_1/10,"(125, 125)","(143, 228)",-80.0872485533
20160816_1106_1/2,"(125, 125)","(28, 204)",-140.839492312
20160816_1106_1/3,"(125, 125)","(86, 239)",-108.88608737
20160816_1106_1/4,"(125, 125)","(157, 231)",-73.2016282187
20160816_1106_1/5,"(125, 125)","(157, 232)",-73.3498945014
20160816_1106_1/6,"(125, 125)","(168, 243)",-69.9779167634
20160816_1106_1/7,"(125, 125)","(183, 224)",-59.6357289998
20160816_1106_1/8,"(125, 125)","(175, 234)",-65.3583380004
20160816_1106_1/9,"(125, 125)","(120, 236)",-92.5791475003
20160816_1107_1/0,"(125, 125)","(218, 84)",23.7907738658
20160816_1107_1/1,"(125, 125)","(220, 71)",29.6148116463
20160816_1107_1/2,"(125, 125)","(203, 239)",-55.6196552762
20160816_1108_1/0,"(125, 125)","(127, 239)",-88.9949139947
20160816_1108_1/1,"(125, 125)","(137, 236)",-83.829824905
20160816_1108_1/10,"(125, 125)","(142, 236)",-81.2926297285
20160816_1108_1/11,"(125, 125)","(132, 242)",-86.5761287551
20160816_1108_1/12,"(125, 125)","(160, 221)",-69.9689873191
20160816_1108_1/13,"(125, 125)","(104, 233)",-101.003540852
20160816_1108_1/14,"(125, 125)","(105, 242)",-99.7003919439
20160816_1108_1/15,"(125, 125)","(101, 239)",-101.88865804
20160816_1108_1/16,"(125, 125)","(92, 237)",-106.41723283
20160816_1108_1/17,"(125, 125)","(222, 46)",39.1605076885
20160816_1108_1/18,"(125, 125)","(122, 246)",-91.4202655464
20160816_1108_1/2,"(125, 125)","(119, 237)",-93.0664855011
20160816_1108_1/3,"(125, 125)","(119, 238)",-93.0393995689
20160816_1108_1/4,"(125, 125)","(118, 246)",-93.3109415146
20160816_1108_1/5,"(125, 125)","(102, 244)",-100.939091183
20160816_1108_1/7,"(125, 125)","(102, 247)",-100.676355683
20160816_1108_1/8,"(125, 125)","(115, 238)",-95.0572485326
20160816_1108_1/9,"(125, 125)","(108, 238)",-98.5555582434
20160816_1109_1/0,"(125, 125)","(104, 247)",-99.7666793958
20160816_1109_1/1,"(125, 125)","(126, 243)",-89.51445417
20160816_1109_1/10,"(125, 125)","(90, 240)",-106.927513064
20160816_1109_1/11,"(125, 125)","(98, 234)",-103.912494677
20160816_1109_1/12,"(125, 125)","(119, 229)",-93.3018656744
20160816_1109_1/13,"(125, 125)","(137, 226)",-83.2243438306
20160816_1109_1/14,"(125, 125)","(241, 171)",-21.6308868365
20160816_1109_1/2,"(125, 125)","(118, 244)",-93.3664606634
20160816_1109_1/3,"(125, 125)","(122, 229)",-91.6523046777
20160816_1109_1/4,"(125, 125)","(134, 235)",-85.3225821411
20160816_1109_1/5,"(125, 125)","(236, 96)",14.6418845412
20160816_1109_1/6,"(125, 125)","(217, 105)",12.2647737279
20160816_1109_1/7,"(125, 125)","(80, 215)",-116.565051177
20160816_1109_1/8,"(125, 125)","(210, 68)",33.8453402611
20160816_1109_1/9,"(125, 125)","(119, 231)",-93.2397002961
20160816_1111_0/0,"(125, 125)","(62, 215)",-124.992020199
20160816_1111_0/1,"(125, 125)","(114, 218)",-96.7455796475
20160816_1111_0/2,"(125, 125)","(86, 211)",-114.393739386
20160816_1111_0/3,"(125, 125)","(75, 220)",-117.758540601
20160816_1111_0/5,"(125, 125)","(76, 240)",-113.078221406
20160816_1111_0/6,"(125, 125)","(71, 237)",-115.740708356
20160816_1111_0/7,"(125, 125)","(72, 238)",-115.127824181
20160816_1111_1/0,"(125, 125)","(211, 166)",-25.4892005563
20160816_1111_1/1,"(125, 125)","(219, 207)",-41.0995062576
20160816_1111_1/2,"(125, 125)","(235, 203)",-35.3401069216
20160816_1111_1/3,"(125, 125)","(241, 179)",-24.9627898308
20160816_1111_1/4,"(125, 125)","(235, 202)",-34.9920201986
20160816_1111_1/5,"(125, 125)","(238, 146)",-10.52778612
20160816_1111_1/6,"(125, 125)","(227, 194)",-34.0771952801
20160816_1112_1/0,"(125, 125)","(233, 205)",-36.528855367
20160816_1114_1/0,"(125, 125)","(210, 179)",-32.4275549958
20160816_1115_1/0,"(125, 125)","(227, 179)",-27.8972710309
20160816_1115_1/1,"(125, 125)","(227, 191)",-32.905242923
20160816_1115_1/2,"(125, 125)","(224, 206)",-39.2894068625
20160816_1115_1/3,"(125, 125)","(118, 224)",-94.0444855742
20160816_1116_1/0,"(125, 125)","(130, 245)",-87.6140559696
20160816_1116_1/1,"(125, 125)","(178, 208)",-57.4395620188
20160816_1117_1/1,"(125, 125)","(14, 113)",173.829824905
20160816_1117_1/10,"(125, 125)","(17, 134)",-175.236358309
20160816_1117_1/2,"(125, 125)","(0, 122)",178.625165219
20160816_1117_1/3,"(125, 125)","(17, 123)",178.93908831
20160816_1117_1/4,"(125, 125)","(17, 131)",-176.82016988
20160816_1117_1/5,"(125, 125)","(29, 203)",-140.906141114
20160816_1117_1/6,"(125, 125)","(14, 132)",-176.391531147
20160816_1117_1/7,"(125, 125)","(35, 125)",-180.0
20160816_1117_1/8,"(125, 125)","(11, 131)",-176.987212496
20160816_1117_1/9,"(125, 125)","(4, 125)",-180.0
20160816_1118_1/0,"(125, 125)","(122, 191)",-92.6025622025
20160816_1118_1/10,"(125, 125)","(161, 209)",-66.8014094864
20160816_1118_1/2,"(125, 125)","(122, 225)",-91.7183580017
20160816_1118_1/5,"(125, 125)","(137, 213)",-82.2348339816
20160816_1118_1/6,"(125, 125)","(140, 191)",-77.1957339347
20160816_1118_1/7,"(125, 125)","(217, 99)",15.7807533095
20160816_1118_1/8,"(125, 125)","(235, 178)",-25.7256126434
20160816_1118_1/9,"(125, 125)","(139, 231)",-82.4761795614
20160816_1119_1/0,"(125, 125)","(131, 224)",-86.5317707411
20160816_1119_1/1,"(125, 125)","(194, 195)",-45.4121927414
20160816_1119_1/10,"(125, 125)","(138, 213)",-81.5966289094
20160816_1119_1/11,"(125, 125)","(231, 82)",22.0804451675
20160816_1119_1/12,"(125, 125)","(227, 92)",17.927919762
20160816_1119_1/13,"(125, 125)","(108, 231)",-99.1113570448
20160816_1119_1/2,"(125, 125)","(208, 214)",-46.9978798565
20160816_1119_1/3,"(125, 125)","(134, 214)",-84.2256740973
20160816_1119_1/4,"(125, 125)","(170, 244)",-69.2858251557
20160816_1119_1/5,"(125, 125)","(215, 108)",10.6965107358
20160816_1119_1/6,"(125, 125)","(233, 143)",-9.46232220803
20160816_1119_1/7,"(125, 125)","(140, 233)",-82.092837297
20160816_1119_1/8,"(125, 125)","(176, 239)",-65.8977654988
20160816_1119_1/9,"(125, 125)","(215, 62)",34.9920201986
20160816_1120_1/0,"(125, 125)","(162, 210)",-66.4767909795
20160816_1120_1/1,"(125, 125)","(220, 91)",19.6920212387
20160816_1120_1/10,"(125, 125)","(244, 132)",-3.36646066343
20160816_1120_1/11,"(125, 125)","(55, 124)",179.181544538
20160816_1120_1/12,"(125, 125)","(44, 157)",-158.442920715
20160816_1120_1/13,"(125, 125)","(208, 88)",24.0265065787
20160816_1120_1/14,"(125, 125)","(213, 68)",32.9322310413
20160816_1120_1/15,"(125, 125)","(198, 245)",-58.6864567298
20160816_1120_1/16,"(125, 125)","(201, 216)",-50.1325544399
20160816_1120_1/17,"(125, 125)","(125, 230)",-90.0
20160816_1120_1/18,"(125, 125)","(206, 217)",-48.6381865779
20160816_1120_1/2,"(125, 125)","(211, 71)",32.1249984404
20160816_1120_1/3,"(125, 125)","(130, 218)",-86.9225446006
20160816_1120_1/4,"(125, 125)","(193, 91)",26.5650511771
20160816_1120_1/5,"(125, 125)","(221, 224)",-45.8814039966
20160816_1120_1/6,"(125, 125)","(231, 116)",4.85309638699
20160816_1120_1/7,"(125, 125)","(218, 63)",33.690067526
20160816_1120_1/8,"(125, 125)","(155, 215)",-71.5650511771
20160816_1120_1/9,"(125, 125)","(215, 67)",32.7995312726
20160816_1121_1/0,"(125, 125)","(172, 220)",-63.6767017322
20160816_1121_1/1,"(125, 125)","(149, 220)",-75.8219355853
20160816_1121_1/10,"(125, 125)","(201, 239)",-56.309932474
20160816_1121_1/11,"(125, 125)","(199, 236)",-56.309932474
20160816_1121_1/12,"(125, 125)","(211, 227)",-49.8645144378
20160816_1121_1/13,"(125, 125)","(187, 235)",-60.5928109393
20160816_1121_1/14,"(125, 125)","(194, 227)",-55.9228047199
20160816_1121_1/15,"(125, 125)","(132, 232)",-86.2570117043
20160816_1121_1/16,"(125, 125)","(146, 233)",-78.9964591483
20160816_1121_1/17,"(125, 125)","(137, 233)",-83.6598082541
20160816_1121_1/18,"(125, 125)","(224, 212)",-41.3086140135
20160816_1121_1/19,"(125, 125)","(220, 224)",-46.1811889133
20160816_1121_1/2,"(125, 125)","(191, 239)",-59.9314171781
20160816_1121_1/20,"(125, 125)","(113, 231)",-96.4588163787
20160816_1121_1/21,"(125, 125)","(127, 203)",-88.5311992856
20160816_1121_1/22,"(125, 125)","(130, 214)",-86.7845160083
20160816_1121_1/23,"(125, 125)","(122, 225)",-91.7183580017
20160816_1121_1/24,"(125, 125)","(139, 236)",-82.8114628573
20160816_1121_1/25,"(125, 125)","(149, 227)",-76.7594800848
20160816_1121_1/26,"(125, 125)","(44, 164)",-154.290046219
20160816_1121_1/27,"(125, 125)","(199, 219)",-51.7889745744
20160816_1121_1/28,"(125, 125)","(138, 221)",-82.2881075873
20160816_1121_1/29,"(125, 125)","(107, 180)",-108.121860248
20160816_1121_1/3,"(125, 125)","(177, 232)",-64.081114429
20160816_1121_1/30,"(125, 125)","(127, 230)",-88.9087837747
20160816_1121_1/31,"(125, 125)","(39, 143)",-168.178511659
20160816_1121_1/32,"(125, 125)","(40, 140)",-169.992020199
20160816_1121_1/33,"(125, 125)","(170, 229)",-66.6022360841
20160816_1121_1/34,"(125, 125)","(128, 209)",-87.9545915111
20160816_1121_1/35,"(125, 125)","(80, 217)",-116.064664078
20160816_1121_1/36,"(125, 125)","(206, 218)",-48.945186229
20160816_1121_1/37,"(125, 125)","(12, 123)",178.986021277
20160816_1121_1/38,"(125, 125)","(2, 132)",-176.742778059
20160816_1121_1/39,"(125, 125)","(197, 55)",44.1930705449
20160816_1121_1/4,"(125, 125)","(149, 217)",-75.3791260114
20160816_1121_1/40,"(125, 125)","(29, 123)",178.806510576
20160816_1121_1/41,"(125, 125)","(170, 215)",-63.4349488229
20160816_1121_1/42,"(125, 125)","(11, 137)",-173.990994043
20160816_1121_1/43,"(125, 125)","(144, 223)",-79.0277597622
20160816_1121_1/44,"(125, 125)","(31, 145)",-167.988521614
20160816_1121_1/45,"(125, 125)","(161, 218)",-68.8387401832
20160816_1121_1/46,"(125, 125)","(143, 218)",-79.0459373566
20160816_1121_1/47,"(125, 125)","(17, 115)",174.709918795
20160816_1121_1/48,"(125, 125)","(27, 132)",-175.91438322
20160816_1121_1/49,"(125, 125)","(178, 223)",-61.5947535665
20160816_1121_1/5,"(125, 125)","(165, 224)",-67.9993016495
20160816_1121_1/50,"(125, 125)","(13, 117)",175.91438322
20160816_1121_1/6,"(125, 125)","(89, 229)",-109.093492
20160816_1121_1/7,"(125, 125)","(149, 227)",-76.7594800848
20160816_1121_1/8,"(125, 125)","(158, 222)",-71.2113780178
20160816_1121_1/9,"(125, 125)","(128, 233)",-88.4088597288
20160816_1122_1/0,"(125, 125)","(16, 122)",178.423449945
20160816_1122_1/1,"(125, 125)","(145, 229)",-79.1144729453
20160816_1122_1/10,"(125, 125)","(65, 173)",-141.340191746
20160816_1122_1/11,"(125, 125)","(41, 161)",-156.801409486
20160816_1122_1/12,"(125, 125)","(23, 143)",-169.992020199
20160816_1122_1/13,"(125, 125)","(5, 101)",168.690067526
20160816_1122_1/14,"(125, 125)","(48, 215)",-130.548825997
20160816_1122_1/15,"(125, 125)","(119, 225)",-93.4336303625
20160816_1122_1/16,"(125, 125)","(167, 234)",-68.92727338
20160816_1122_1/17,"(125, 125)","(50, 146)",-164.357753543
20160816_1122_1/18,"(125, 125)","(123, 236)",-91.0322446916
20160816_1122_1/19,"(125, 125)","(12, 135)",-174.942751467
20160816_1122_1/2,"(125, 125)","(11, 103)",169.07719528
20160816_1122_1/20,"(125, 125)","(137, 238)",-83.9382112113
20160816_1122_1/21,"(125, 125)","(34, 115)",173.72892255
20160816_1122_1/22,"(125, 125)","(30, 141)",-170.439903519
20160816_1122_1/23,"(125, 125)","(130, 224)",-87.1087304038
20160816_1122_1/24,"(125, 125)","(146, 237)",-79.3803447238
20160816_1122_1/25,"(125, 125)","(14, 134)",-175.364536573
20160816_1122_1/26,"(125, 125)","(128, 224)",-88.2642954111
20160816_1122_1/27,"(125, 125)","(11, 128)",-178.492564241
20160816_1122_1/28,"(125, 125)","(117, 223)",-94.6668583714
20160816_1122_1/29,"(125, 125)","(177, 225)",-62.5255683737
20160816_1122_1/3,"(125, 125)","(16, 109)",171.649247468
20160816_1122_1/30,"(125, 125)","(12, 158)",-163.720326798
20160816_1122_1/31,"(125, 125)","(18, 156)",-163.842660135
20160816_1122_1/32,"(125, 125)","(120, 228)",-92.7791668641
20160816_1122_1/33,"(125, 125)","(196, 212)",-50.7823923224
20160816_1122_1/34,"(125, 125)","(40, 143)",-168.043415757
20160816_1122_1/35,"(125, 125)","(145, 245)",-80.537677792
20160816_1122_1/36,"(125, 125)","(134, 238)",-85.4462320208
20160816_1122_1/37,"(125, 125)","(144, 230)",-79.7431801583
20160816_1122_1/38,"(125, 125)","(141, 233)",-81.5730309785
20160816_1122_1/39,"(125, 125)","(27, 119)",176.496468355
20160816_1122_1/4,"(125, 125)","(46, 173)",-148.717346318
20160816_1122_1/40,"(125, 125)","(152, 222)",-74.4454287299
20160816_1122_1/41,"(125, 125)","(150, 220)",-75.2564371635
20160816_1122_1/42,"(125, 125)","(35, 174)",-151.434163206
20160816_1122_1/43,"(125, 125)","(206, 230)",-52.3523793599
20160816_1122_1/45,"(125, 125)","(22, 122)",178.331662552
20160816_1122_1/46,"(125, 125)","(170, 230)",-66.8014094864
20160816_1122_1/47,"(125, 125)","(17, 147)",-168.486168816
20160816_1122_1/48,"(125, 125)","(162, 244)",-72.7282574223
20160816_1122_1/5,"(125, 125)","(4, 140)",-172.933270284
20160816_1122_1/6,"(125, 125)","(158, 241)",-74.1198612229
20160816_1122_1/7,"(125, 125)","(17, 125)",-180.0
20160816_1122_1/8,"(125, 125)","(86, 213)",-113.902050411
20160816_1122_1/9,"(125, 125)","(23, 125)",-180.0
20160816_1123_1/0,"(125, 125)","(20, 118)",176.185925166
20160816_1123_1/1,"(125, 125)","(8, 132)",-176.576128755
20160816_1123_1/10,"(125, 125)","(7, 125)",-180.0
20160816_1123_1/11,"(125, 125)","(12, 124)",179.492970939
20160816_1123_1/12,"(125, 125)","(9, 128)",-178.518542829
20160816_1123_1/13,"(125, 125)","(8, 125)",-180.0
20160816_1123_1/14,"(125, 125)","(15, 141)",-171.724107173
20160816_1123_1/15,"(125, 125)","(14, 145)",-169.786027015
20160816_1123_1/16,"(125, 125)","(4, 131)",-177.161212159
20160816_1123_1/17,"(125, 125)","(8, 128)",-178.531199286
20160816_1123_1/18,"(125, 125)","(131, 232)",-86.7905136822
20160816_1123_1/19,"(125, 125)","(34, 203)",-139.398705355
20160816_1123_1/2,"(125, 125)","(16, 154)",-165.101304566
20160816_1123_1/20,"(125, 125)","(63, 93)",152.700427789
20160816_1123_1/21,"(125, 125)","(56, 98)",158.629377731
20160816_1123_1/22,"(125, 125)","(29, 140)",-171.119340849
20160816_1123_1/23,"(125, 125)","(125, 223)",-90.0
20160816_1123_1/24,"(125, 125)","(68, 198)",-127.983498255
20160816_1123_1/25,"(125, 125)","(77, 214)",-118.339132036
20160816_1123_1/26,"(125, 125)","(122, 221)",-91.7899106082
20160816_1123_1/27,"(125, 125)","(89, 203)",-114.775140569
20160816_1123_1/3,"(125, 125)","(131, 215)",-86.1859251657
20160816_1123_1/4,"(125, 125)","(48, 160)",-155.55604522
20160816_1123_1/5,"(125, 125)","(48, 162)",-154.334808538
20160816_1123_1/6,"(125, 125)","(48, 162)",-154.334808538
20160816_1123_1/7,"(125, 125)","(192, 212)",-52.3995946599
20160816_1123_1/8,"(125, 125)","(36, 143)",-168.566318735
20160816_1123_1/9,"(125, 125)","(139, 220)",-81.6167515191
20160816_1124_0/0,"(125, 125)","(107, 227)",-100.007979801
20160816_1124_1/1,"(125, 125)","(126, 53)",89.2042764473
20160816_1124_1/2,"(125, 125)","(183, 35)",57.2004687274
20160816_1124_1/3,"(125, 125)","(187, 42)",53.2407118297
20160816_1124_1/4,"(125, 125)","(125, 34)",90.0
20160816_1124_1/5,"(125, 125)","(164, 24)",68.8864999216
20160816_1126_1/0,"(125, 125)","(104, 44)",104.534455081
20160816_1126_1/1,"(125, 125)","(121, 41)",92.7263109939
20160816_1126_1/2,"(125, 125)","(65, 58)",131.845157135
20160816_1126_1/3,"(125, 125)","(122, 20)",91.6365770416
20160816_1126_1/4,"(125, 125)","(151, 218)",-74.3806078613
20160816_1126_1/5,"(125, 125)","(118, 43)",94.879273783
20160816_1126_1/6,"(125, 125)","(98, 32)",106.189206257
20160816_1126_1/7,"(125, 125)","(123, 11)",91.0050860053
20160816_1127_1/0,"(125, 125)","(210, 180)",-32.905242923
20160816_1128_1/0,"(125, 125)","(188, 179)",-40.601294645
20160816_1128_1/2,"(125, 125)","(188, 199)",-49.5905431856
20160816_1129_1/2,"(125, 125)","(175, 205)",-57.9946167919
20160816_1130_1/2,"(125, 125)","(36, 101)",164.908427321
20160816_1130_1/3,"(125, 125)","(101, 189)",-110.55604522
20160816_1130_1/4,"(125, 125)","(98, 213)",-107.056965577
20160816_1130_1/5,"(125, 125)","(191, 201)",-49.0282636665
20160816_1130_1/7,"(125, 125)","(53, 116)",172.874983651
20160816_1131_1/0,"(125, 125)","(75, 46)",122.330185735
20160816_1131_1/1,"(125, 125)","(165, 181)",-54.462322208
20160816_1135_0/0,"(125, 125)","(155, 224)",-73.1416012323
20160816_1139_0/1,"(125, 125)","(77, 194)",-124.824489157
20160816_1139_0/10,"(125, 125)","(113, 236)",-96.170175095
20160816_1139_0/11,"(125, 125)","(90, 233)",-107.956165153
20160816_1139_0/12,"(125, 125)","(101, 224)",-103.62699486
20160816_1139_0/13,"(125, 125)","(80, 215)",-116.565051177
20160816_1139_0/14,"(125, 125)","(99, 238)",-102.957580094
20160816_1139_0/15,"(125, 125)","(75, 208)",-121.065164885
20160816_1139_0/2,"(125, 125)","(28, 134)",-174.699073483
20160816_1139_0/3,"(125, 125)","(140, 211)",-80.1060793303
20160816_1139_0/4,"(125, 125)","(77, 229)",-114.775140569
20160816_1139_0/7,"(125, 125)","(105, 237)",-100.124671655
20160816_1139_0/9,"(125, 125)","(56, 227)",-124.07719528
20160816_1139_1/0,"(125, 125)","(26, 182)",-150.068488159
20160816_1139_1/1,"(125, 125)","(31, 176)",-151.517814253
20160816_1139_1/11,"(125, 125)","(24, 212)",-139.258846122
20160816_1139_1/13,"(125, 125)","(14, 154)",-165.358115459
20160816_1139_1/2,"(125, 125)","(11, 149)",-168.11134196
20160816_1139_1/3,"(125, 125)","(5, 142)",-171.936753834
20160816_1139_1/4,"(125, 125)","(13, 136)",-174.390725554
20160816_1139_1/5,"(125, 125)","(34, 130)",-176.855042535
20160816_1139_1/6,"(125, 125)","(31, 180)",-149.667824904
20160816_1139_1/7,"(125, 125)","(148, 41)",74.6871816392
20160816_1139_1/8,"(125, 125)","(26, 131)",-176.531770741
20160816_1139_1/9,"(125, 125)","(13, 128)",-178.4656585
20160816_1140_0/0,"(125, 125)","(148, 228)",-77.4123066184
20160816_1140_0/1,"(125, 125)","(87, 208)",-114.599790605
20160816_1140_0/2,"(125, 125)","(97, 220)",-106.422187498
20160816_1140_0/3,"(125, 125)","(114, 240)",-95.4638428132
20160816_1140_0/4,"(125, 125)","(138, 236)",-83.3201139368
20160816_1140_0/5,"(125, 125)","(123, 221)",-91.193489424
20160816_1140_0/6,"(125, 125)","(133, 221)",-85.2363583093
20160816_1140_1/0,"(125, 125)","(26, 128)",-178.264295411
20160816_1140_1/1,"(125, 125)","(17, 125)",-180.0
20160816_1140_1/10,"(125, 125)","(20, 158)",-162.552811577
20160816_1140_1/12,"(125, 125)","(70, 188)",-131.121475497
20160816_1140_1/13,"(125, 125)","(29, 140)",-171.119340849
20160816_1140_1/14,"(125, 125)","(30, 141)",-170.439903519
20160816_1140_1/15,"(125, 125)","(198, 78)",32.7748773243
20160816_1140_1/16,"(125, 125)","(20, 110)",171.869897646
20160816_1140_1/2,"(125, 125)","(17, 121)",177.878903603
20160816_1140_1/3,"(125, 125)","(21, 134)",-175.054033453
20160816_1140_1/4,"(125, 125)","(31, 182)",-148.768090451
20160816_1140_1/5,"(125, 125)","(14, 173)",-156.614778943
20160816_1140_1/8,"(125, 125)","(29, 134)",-174.644174957
20160816_1140_1/9,"(125, 125)","(6, 122)",178.555874469
20160816_1141_1/0,"(125, 125)","(31, 130)",-176.955221556
20160816_1141_1/1,"(125, 125)","(29, 129)",-177.61405597
20160816_1141_1/10,"(125, 125)","(29, 126)",-179.403190549
20160816_1141_1/11,"(125, 125)","(50, 203)",-133.876697286
20160816_1141_1/12,"(125, 125)","(33, 127)",-178.754635733
20160816_1141_1/2,"(125, 125)","(69, 179)",-136.041626676
20160816_1141_1/3,"(125, 125)","(23, 159)",-161.565051177
20160816_1141_1/4,"(125, 125)","(29, 196)",-143.51398793
20160816_1141_1/5,"(125, 125)","(15, 117)",175.840357706
20160816_1141_1/6,"(125, 125)","(12, 131)",-176.960600431
20160816_1141_1/7,"(125, 125)","(26, 128)",-178.264295411
20160816_1141_1/8,"(125, 125)","(62, 78)",143.275892827
20160816_1141_1/9,"(125, 125)","(49, 171)",-148.815025341
20160816_1142_1/0,"(125, 125)","(71, 164)",-144.162347046
20160816_1142_1/1,"(125, 125)","(71, 173)",-138.366460663
20160816_1142_1/10,"(125, 125)","(34, 196)",-142.037940763
20160816_1142_1/11,"(125, 125)","(74, 206)",-122.195733935
20160816_1142_1/12,"(125, 125)","(22, 145)",-169.011348904
20160816_1142_1/13,"(125, 125)","(143, 230)",-80.2724214486
20160816_1142_1/14,"(125, 125)","(30, 128)",-178.191260678
20160816_1142_1/15,"(125, 125)","(160, 215)",-68.7494944929
20160816_1142_1/16,"(125, 125)","(20, 184)",-150.668160422
20160816_1142_1/17,"(125, 125)","(26, 125)",-180.0
20160816_1142_1/18,"(125, 125)","(28, 164)",-158.096821918
20160816_1142_1/19,"(125, 125)","(150, 203)",-72.2286791771
20160816_1142_1/20,"(125, 125)","(38, 159)",-158.654213351
20160816_1142_1/21,"(125, 125)","(84, 214)",-114.734302529
20160816_1142_1/22,"(125, 125)","(20, 166)",-158.670538485
20160816_1142_1/23,"(125, 125)","(13, 134)",-175.405746669
20160816_1142_1/24,"(125, 125)","(143, 219)",-79.1596945457
20160816_1142_1/25,"(125, 125)","(144, 226)",-79.3460974001
20160816_1142_1/3,"(125, 125)","(29, 140)",-171.119340849
20160816_1142_1/4,"(125, 125)","(27, 171)",-154.855214369
20160816_1142_1/6,"(125, 125)","(24, 159)",-161.395034526
20160816_1142_1/7,"(125, 125)","(8, 162)",-162.450997771
20160816_1142_1/8,"(125, 125)","(30, 181)",-149.481769321
20160816_1142_1/9,"(125, 125)","(49, 188)",-140.343055759
20160816_1143_1/0,"(125, 125)","(35, 185)",-146.309932474
20160816_1143_1/10,"(125, 125)","(41, 167)",-153.434948823
20160816_1143_1/11,"(125, 125)","(43, 181)",-145.669782804
20160816_1143_1/12,"(125, 125)","(52, 191)",-137.882963453
20160816_1143_1/13,"(125, 125)","(39, 194)",-141.259036305
20160816_1143_1/14,"(125, 125)","(47, 188)",-141.072456407
20160816_1143_1/15,"(125, 125)","(50, 203)",-133.876697286
20160816_1143_1/2,"(125, 125)","(26, 164)",-158.498565676
20160816_1143_1/3,"(125, 125)","(195, 197)",-45.8069294551
20160816_1143_1/4,"(125, 125)","(182, 203)",-53.8418145602
20160816_1143_1/5,"(125, 125)","(176, 216)",-60.7320047851
20160816_1143_1/6,"(125, 125)","(14, 162)",-161.565051177
20160816_1143_1/7,"(125, 125)","(209, 200)",-41.7602997039
20160816_1143_1/8,"(125, 125)","(26, 188)",-147.528807709
20160816_1143_1/9,"(125, 125)","(22, 146)",-168.476278296
20160816_1144_1/0,"(125, 125)","(29, 164)",-157.890551656
20160816_1144_1/1,"(125, 125)","(41, 168)",-152.891877129
20160816_1144_1/10,"(125, 125)","(42, 169)",-152.071021291
20160816_1144_1/11,"(125, 125)","(35, 184)",-146.752932251
20160816_1144_1/12,"(125, 125)","(36, 183)",-146.908300061
20160816_1144_1/13,"(125, 125)","(29, 175)",-152.487997376
20160816_1144_1/14,"(125, 125)","(23, 122)",178.315315682
20160816_1144_1/15,"(125, 125)","(53, 187)",-139.2678933
20160816_1144_1/16,"(125, 125)","(39, 155)",-160.769327624
20160816_1144_1/17,"(125, 125)","(38, 166)",-154.767168677
20160816_1144_1/18,"(125, 125)","(146, 233)",-78.9964591483
20160816_1144_1/19,"(125, 125)","(143, 215)",-78.690067526
20160816_1144_1/2,"(125, 125)","(228, 144)",-10.451632944
20160816_1144_1/20,"(125, 125)","(173, 238)",-66.9852455812
20160816_1144_1/21,"(125, 125)","(14, 166)",-159.727314387
20160816_1144_1/22,"(125, 125)","(128, 235)",-88.4377750832
20160816_1144_1/23,"(125, 125)","(42, 139)",-170.425772115
20160816_1144_1/24,"(125, 125)","(140, 226)",-81.5524727521
20160816_1144_1/25,"(125, 125)","(127, 240)",-89.0036521035
20160816_1144_1/26,"(125, 125)","(26, 155)",-163.141601232
20160816_1144_1/3,"(125, 125)","(227, 124)",0.561705332567
20160816_1144_1/4,"(125, 125)","(50, 124)",179.236101539
20160816_1144_1/5,"(125, 125)","(29, 173)",-153.434948823
20160816_1144_1/6,"(125, 125)","(44, 173)",-149.349332043
20160816_1144_1/7,"(125, 125)","(41, 176)",-148.736268306
20160816_1144_1/8,"(125, 125)","(41, 176)",-148.736268306
20160816_1144_1/9,"(125, 125)","(17, 164)",-160.144785631
20160816_1145_1/0,"(125, 125)","(150, 228)",-76.357085224
20160816_1145_1/1,"(125, 125)","(114, 224)",-96.3401917459
20160816_1145_1/10,"(125, 125)","(128, 221)",-88.2100893918
20160816_1145_1/11,"(125, 125)","(151, 233)",-76.4641436309
20160816_1145_1/12,"(125, 125)","(128, 227)",-88.3153156821
20160816_1145_1/13,"(125, 125)","(225, 116)",5.14276455788
20160816_1145_1/14,"(125, 125)","(137, 234)",-83.7175079118
20160816_1145_1/15,"(125, 125)","(122, 219)",-91.8279682443
20160816_1145_1/16,"(125, 125)","(80, 206)",-119.054604099
20160816_1145_1/17,"(125, 125)","(122, 238)",-91.5207696611
20160816_1145_1/18,"(125, 125)","(233, 125)",-0.0
20160816_1145_1/19,"(125, 125)","(228, 137)",-6.64527821027
20160816_1145_1/2,"(125, 125)","(116, 224)",-95.1944289077
20160816_1145_1/20,"(125, 125)","(29, 181)",-149.743562836
20160816_1145_1/21,"(125, 125)","(119, 210)",-94.037710621
20160816_1145_1/22,"(125, 125)","(171, 245)",-69.0265065787
20160816_1145_1/23,"(125, 125)","(73, 174)",-136.701354605
20160816_1145_1/24,"(125, 125)","(227, 78)",24.7395088697
20160816_1145_1/25,"(125, 125)","(116, 215)",-95.7105931375
20160816_1145_1/27,"(125, 125)","(146, 236)",-79.2868769772
20160816_1145_1/28,"(125, 125)","(105, 218)",-102.136824455
20160816_1145_1/29,"(125, 125)","(161, 229)",-70.9065079995
20160816_1145_1/3,"(125, 125)","(191, 228)",-57.3491977034
20160816_1145_1/30,"(125, 125)","(199, 233)",-55.5816355209
20160816_1145_1/31,"(125, 125)","(42, 169)",-152.071021291
20160816_1145_1/32,"(125, 125)","(111, 218)",-98.5608895712
20160816_1145_1/33,"(125, 125)","(170, 229)",-66.6022360841
20160816_1145_1/34,"(125, 125)","(179, 46)",55.645663345
20160816_1145_1/35,"(125, 125)","(192, 71)",38.8677775023
20160816_1145_1/36,"(125, 125)","(148, 80)",62.927919762
20160816_1145_1/38,"(125, 125)","(118, 241)",-93.4533162505
20160816_1145_1/39,"(125, 125)","(35, 146)",-166.865977694
20160816_1145_1/4,"(125, 125)","(216, 98)",16.5257963899
20160816_1145_1/40,"(125, 125)","(153, 218)",-73.2442510708
20160816_1145_1/41,"(125, 125)","(185, 209)",-54.462322208
20160816_1145_1/42,"(125, 125)","(156, 232)",-73.8426601354
20160816_1145_1/43,"(125, 125)","(126, 233)",-89.4694986833
20160816_1145_1/44,"(125, 125)","(128, 221)",-88.2100893918
20160816_1145_1/45,"(125, 125)","(130, 236)",-87.4208524997
20160816_1145_1/5,"(125, 125)","(143, 227)",-79.9920201986
20160816_1145_1/6,"(125, 125)","(142, 230)",-80.8033441084
20160816_1145_1/7,"(125, 125)","(55, 179)",-142.35237936
20160816_1145_1/8,"(125, 125)","(182, 235)",-62.6076304481
20160816_1145_1/9,"(125, 125)","(35, 200)",-140.194428908
20160816_1146_1/1,"(125, 125)","(220, 122)",1.80873932249
20160816_1146_1/10,"(125, 125)","(143, 203)",-77.0053832081
20160816_1146_1/11,"(125, 125)","(170, 233)",-67.380135052
20160816_1146_1/12,"(125, 125)","(208, 62)",37.1998121158
20160816_1146_1/13,"(125, 125)","(179, 215)",-59.0362434679
20160816_1146_1/14,"(125, 125)","(182, 212)",-56.768288932
20160816_1146_1/15,"(125, 125)","(174, 218)",-62.2160735878
20160816_1146_1/16,"(125, 125)","(176, 218)",-61.2602047083
20160816_1146_1/17,"(125, 125)","(176, 218)",-61.2602047083
20160816_1146_1/18,"(125, 125)","(134, 228)",-85.0062560142
20160816_1146_1/19,"(125, 125)","(176, 227)",-63.4349488229
20160816_1146_1/2,"(125, 125)","(230, 157)",-16.9492242338
20160816_1146_1/20,"(125, 125)","(169, 32)",64.6803130897
20160816_1146_1/21,"(125, 125)","(138, 216)",-81.8698976458
20160816_1146_1/22,"(125, 125)","(175, 50)",56.309932474
20160816_1146_1/23,"(125, 125)","(52, 115)",172.199812116
20160816_1146_1/24,"(125, 125)","(202, 60)",40.1695800417
20160816_1146_1/25,"(125, 125)","(159, 27)",70.8663567941
20160816_1146_1/26,"(125, 125)","(116, 211)",-95.9743232865
20160816_1146_1/27,"(125, 125)","(142, 225)",-80.3519546839
20160816_1146_1/3,"(125, 125)","(142, 227)",-80.537677792
20160816_1146_1/4,"(125, 125)","(203, 59)",40.2363583093
20160816_1146_1/5,"(125, 125)","(136, 238)",-84.4400527367
20160816_1146_1/6,"(125, 125)","(182, 224)",-60.0684881595
20160816_1146_1/7,"(125, 125)","(202, 89)",25.0576154183
20160816_1146_1/8,"(125, 125)","(205, 98)",18.6495387541
20160816_1146_1/9,"(125, 125)","(131, 165)",-81.4692343901
20160816_1147_1/0,"(125, 125)","(132, 218)",-85.6955310395
20160816_1147_1/1,"(125, 125)","(140, 216)",-80.6398091981
20160816_1147_1/2,"(125, 125)","(137, 218)",-82.6476206401
20160816_1147_1/3,"(125, 125)","(168, 212)",-63.6989828042
20160816_1147_1/4,"(125, 125)","(119, 224)",-93.4682292589
20160816_1147_1/5,"(125, 125)","(157, 221)",-71.5650511771
20160816_1147_1/6,"(125, 125)","(133, 219)",-85.1354855622
20160816_1147_1/7,"(125, 125)","(144, 223)",-79.0277597622
20160816_1147_1/8,"(125, 125)","(144, 223)",-79.0277597622
20160816_1148_1/1,"(125, 125)","(124, 214)",-90.6437457142
20160816_1148_1/10,"(125, 125)","(123, 207)",-91.3971810273
20160816_1148_1/11,"(125, 125)","(149, 208)",-73.872424174
20160816_1148_1/12,"(125, 125)","(140, 212)",-80.2175929682
20160816_1148_1/14,"(125, 125)","(171, 213)",-62.4027041314
20160816_1148_1/15,"(125, 125)","(118, 218)",-94.3044689605
20160816_1148_1/16,"(125, 125)","(168, 212)",-63.6989828042
20160816_1148_1/17,"(125, 125)","(196, 191)",-42.9098408463
20160816_1148_1/18,"(125, 125)","(209, 108)",11.4410438688
20160816_1148_1/19,"(125, 125)","(203, 110)",10.8855270547
20160816_1148_1/20,"(125, 125)","(120, 222)",-92.950779109
20160816_1148_1/21,"(125, 125)","(118, 223)",-94.08561678
20160816_1148_1/22,"(125, 125)","(118, 223)",-94.08561678
20160816_1148_1/23,"(125, 125)","(192, 220)",-54.8060927599
20160816_1148_1/3,"(125, 125)","(176, 212)",-59.6208739886
20160816_1148_1/4,"(125, 125)","(212, 194)",-38.4180553448
20160816_1148_1/5,"(125, 125)","(224, 182)",-29.9315118405
20160816_1148_1/6,"(125, 125)","(68, 121)",175.985824305
20160816_1148_1/7,"(125, 125)","(175, 221)",-62.4879973761
20160816_1148_1/8,"(125, 125)","(177, 215)",-59.9816325724
20160816_1149_1/0,"(125, 125)","(200, 191)",-41.3477772197
20160816_1149_1/1,"(125, 125)","(182, 233)",-62.1759036157
20160816_1150_1/0,"(125, 125)","(121, 55)",93.2704879232
20160816_1150_1/1,"(125, 125)","(124, 30)",90.6030911944
20160816_1150_1/2,"(125, 125)","(162, 29)",68.922505883
20160816_1150_1/3,"(125, 125)","(195, 219)",-53.3256503304
20160816_1150_1/4,"(125, 125)","(196, 225)",-54.6252481561
20160816_1150_1/5,"(125, 125)","(240, 173)",-22.6552327087
20160816_1151_1/0,"(125, 125)","(203, 78)",31.0716580608
20160816_1151_1/10,"(125, 125)","(150, 187)",-68.0394359799
20160816_1151_1/2,"(125, 125)","(119, 34)",93.7722836094
