key,length,raw_angle,x0,y0,date,time,cam_angle
20160816_1200_1/1,82,5.47356398,69.8,40.5,16-08-16,12:00:02:182,-5.47356398
20160816_1200_1/2,94,4.780482101,69,42.5,16-08-16,12:00:04:826,-4.780482101
20160816_1200_1/3,73,5.632541662,69.8,39.8,16-08-16,12:00:07:521,-5.632541662
20160816_1200_1/4,85,4.855693559,69.8,34.4,16-08-16,12:00:09:879,-4.855693559
20160816_1200_1/6,81,5.212920953,71.3,39.3,16-08-16,12:00:14:223,-5.212920953
20160816_1200_1/7,79,5.224833726,70.5,37.8,16-08-16,12:00:14:239,-5.224833726
20160816_1200_1/8,87,5.766192425,76.5,31.2,16-08-16,12:00:16:943,-5.766192425
20160816_1200_1/9,95,4.878461055,76.7,31.7,16-08-16,12:00:19:360,-4.878461055
20160816_1200_1/10,98,5.528448318,73,35,16-08-16,12:00:22:117,-5.528448318
20160816_1200_1/11,87,4.939559106,70.5,37.5,16-08-16,12:00:24:660,-4.939559106
20160816_1200_1/12,84,4.941652434,70.5,36,16-08-16,12:00:24:675,-4.941652434
20160816_1200_1/13,107,5.436729066,70.8,34,16-08-16,12:00:27:234,-5.436729066
20160816_1200_1/14,95,4.916668127,66.1,29.5,16-08-16,12:00:29:980,-4.916668127
20160816_1200_1/15,107,5.625667235,66.4,28.4,16-08-16,12:00:32:592,-5.625667235
20160816_1200_1/16,80,4.763020536,60.1,32,16-08-16,12:00:35:199,-4.763020536
20160816_1200_1/18,56,5.714826709,64.2,36,16-08-16,12:00:38:043,-5.714826709
20160816_1200_1/19,88,4.796839819,60.5,36,16-08-16,12:00:39:916,-4.796839819
20160816_1200_1/20,88,5.510302816,60.3,37.4,16-08-16,12:00:42:530,-5.510302816
20160816_1200_1/21,84,5.007100052,58.3,35.3,16-08-16,12:00:45:143,-5.007100052
20160816_1200_1/24,84,5.402470682,57.4,33.2,16-08-16,12:00:47:729,-5.402470682
20160816_1201_1/0,41,4.745359073,61.2,64.4,16-08-16,12:01:11:647,-4.745359073
20160816_1201_1/1,86,5.127145305,58.2,61,16-08-16,12:01:14:197,-5.127145305
20160816_1201_1/2,100,5.223652648,59.6,66.2,16-08-16,12:01:17:450,-5.223652648
20160816_1201_1/3,85,4.763514536,57.4,55.6,16-08-16,12:01:21:912,-4.763514536
20160816_1201_1/4,92,5.537562571,59.3,49.8,16-08-16,12:01:24:163,-5.537562571
20160816_1201_1/5,67,4.439661382,58.8,48,16-08-16,12:01:26:429,-4.439661382
20160816_1201_0/2,49,1.473084843,40.7,47,16-08-16,12:01:26:592,1.668507811
20160816_1201_1/6,98,5.101896121,59,45.3,16-08-16,12:01:28:774,-5.101896121
20160816_1201_1/9,99,4.824185486,52.3,48,16-08-16,12:01:31:328,-4.824185486
20160816_1201_1/10,112,5.222957374,52.2,47.7,16-08-16,12:01:33:780,-5.222957374
20160816_1201_1/11,91,4.870045844,54.6,50.4,16-08-16,12:01:36:534,-4.870045844
20160816_1201_0/8,44,3.050886801,109.8,52.3,16-08-16,12:01:36:892,0.090705853
20160816_1201_0/10,113,4.800671947,68.5,25.5,16-08-16,12:01:38:902,-1.659079293
20160816_1201_1/12,104,5.465557229,51.5,42.5,16-08-16,12:01:39:284,-5.465557229
20160816_1201_0/11,50,4.766108501,66.8,32.5,16-08-16,12:01:39:530,-1.624515847
20160816_1201_1/13,58,4.998741932,49.8,41,16-08-16,12:01:41:993,-4.998741932
20160816_1201_0/13,70,0.928611345,39.8,51.8,16-08-16,12:01:42:221,2.212981309
20160816_1201_1/14,44,4.869877917,53.3,46,16-08-16,12:01:42:551,-4.869877917
20160816_1201_0/14,93,5.126828651,61.5,36.5,16-08-16,12:01:45:304,-1.985235998
20160816_1201_0/15,92,5.125319609,62.8,36,16-08-16,12:01:45:313,-1.983726955
20160816_1201_0/16,122,4.833590868,65.8,34,16-08-16,12:01:48:266,-1.691998214
20160816_1201_0/17,81,4.92121322,66.5,38,16-08-16,12:01:51:840,-1.779620567
20160816_1201_0/18,35,4.95705873,68.9,39.3,16-08-16,12:01:52:277,-1.815466076
20160816_1201_0/19,71,4.870442479,70.8,36.3,16-08-16,12:01:55:079,-1.728849825
20160816_1201_1/15,39,5.020237233,99.8,81,16-08-16,12:01:57:340,-5.020237233
20160816_1201_1/16,45,5.187078105,69.5,79.2,16-08-16,12:01:58:005,-5.187078105
20160816_1201_0/20,49,5.411228984,69.8,41.8,16-08-16,12:01:58:446,-2.26963633
20160816_1201_1/17,66,4.995861639,98.2,83.4,16-08-16,12:01:59:813,-4.995861639
20160816_1202_1/0,95,5.694353901,66,74.5,16-08-16,12:02:00:719,-5.694353901
20160816_1202_1/1,91,5.231509638,60,70.8,16-08-16,12:02:03:642,-5.231509638
20160816_1202_1/2,71,5.310656782,95.2,89,16-08-16,12:02:04:999,-5.310656782
20160816_1202_1/3,110,5.308085689,63.3,71.1,16-08-16,12:02:06:169,-5.308085689
20160816_1202_1/4,87,5.200045194,62.3,73.5,16-08-16,12:02:08:705,-5.200045194
20160816_1202_1/5,108,5.575239299,63.5,71,16-08-16,12:02:11:064,-5.575239299
20160816_1202_1/6,48,4.945018678,102.5,83.5,16-08-16,12:02:13:641,-4.945018678
20160816_1202_1/7,83,4.949375574,60.8,69.3,16-08-16,12:02:13:931,-4.949375574
20160816_1202_1/8,49,5.463244789,102.5,86.8,16-08-16,12:02:16:440,-5.463244789
20160816_1202_1/9,88,5.644648478,62.8,67.4,16-08-16,12:02:17:749,-5.644648478
20160816_1202_1/10,84,5.650928299,63.5,65.7,16-08-16,12:02:17:783,-5.650928299
20160816_1202_1/11,39,4.832966437,104.5,89,16-08-16,12:02:21:036,-4.832966437
20160816_1202_1/12,23,4.6223436,104.8,91,16-08-16,12:02:23:280,-4.6223436
20160816_1202_1/13,60,4.829113907,58.4,54.6,16-08-16,12:02:25:740,-4.829113907
20160816_1202_1/15,23,5.099787568,104.9,96.8,16-08-16,12:02:30:687,-5.099787568
20160816_1202_1/17,28,4.520548707,106,93,16-08-16,12:02:37:281,-4.520548707
20160816_1202_1/18,48,5.354577498,101.6,97.1,16-08-16,12:02:39:461,-5.354577498
20160816_1202_1/20,35,5.363347983,104.4,98.4,16-08-16,12:02:44:270,-5.363347983
20160816_1202_1/21,32,5.192050774,99,101.3,16-08-16,12:02:48:879,-5.192050774
20160816_1202_1/22,40,4.781602763,81.5,111,16-08-16,12:02:50:933,-4.781602763
20160816_1202_1/24,26,2.505047795,80,103,16-08-16,12:02:55:815,-2.505047795
20160816_1203_1/2,47,5.413394128,67.5,57.3,16-08-16,12:03:06:237,-5.413394128
20160816_1203_1/5,106,4.92142959,64.6,57.2,16-08-16,12:03:08:133,-4.92142959
20160816_1203_0/2,68,4.478756227,96,57.5,16-08-16,12:03:08:260,-1.337163574
20160816_1203_1/6,82,5.323515378,63.6,56.8,16-08-16,12:03:10:771,-5.323515378
20160816_1203_1/7,58,4.399137232,65.8,55.8,16-08-16,12:03:13:832,-4.399137232
20160816_1203_1/11,62,5.413715226,66.3,59.9,16-08-16,12:03:17:322,-5.413715226
20160816_1203_1/13,84,4.925346258,60.6,76.9,16-08-16,12:03:29:802,-4.925346258
20160816_1203_1/17,29,3.405888881,48.2,24.6,16-08-16,12:03:46:643,-3.405888881
20160816_1203_1/18,24,1.058003504,89.6,110.4,16-08-16,12:03:48:989,-1.058003504
20160816_1203_0/4,113,5.066484943,63.7,34.3,16-08-16,12:03:49:568,-1.92489229
20160816_1203_1/19,25,4.613573468,99.6,105.6,16-08-16,12:03:49:918,-4.613573468
20160816_1203_0/5,109,4.612192462,63.6,39.4,16-08-16,12:03:52:581,-1.470599808
20160816_1203_0/6,113,4.774854948,61.8,38.6,16-08-16,12:03:55:526,-1.633262294
20160816_1203_0/7,114,4.474871074,61.7,41.4,16-08-16,12:03:58:225,-1.33327842
20160816_1204_0/0,89,4.818135423,62,46.1,16-08-16,12:04:01:331,-1.676542769
20160816_1204_1/0,29,4.077278839,85.2,98.2,16-08-16,12:04:02:650,-4.077278839
20160816_1204_0/1,91,4.78043966,62.3,47.8,16-08-16,12:04:04:047,-1.638847007
20160816_1204_1/1,26,4.232573818,88.7,98.3,16-08-16,12:04:05:742,-4.232573818
20160816_1204_0/2,92,4.755794791,62.4,49,16-08-16,12:04:07:240,-1.614202137
20160816_1204_1/2,37,4.219741161,98.8,92.2,16-08-16,12:04:10:329,-4.219741161
20160816_1204_1/3,30,4.361105208,91.5,89.7,16-08-16,12:04:12:050,-4.361105208
20160816_1204_1/4,70,5.414574292,71.3,52.8,16-08-16,12:04:14:138,-5.414574292
20160816_1204_1/5,73,5.207734745,73.8,53.8,16-08-16,12:04:16:683,-5.207734745
20160816_1204_1/6,70,5.176613372,73,56.5,16-08-16,12:04:16:715,-5.176613372
20160816_1204_1/7,26,4.59362817,96.3,83.5,16-08-16,12:04:18:877,-4.59362817
20160816_1204_1/8,67,5.588143621,73.8,57,16-08-16,12:04:19:629,-5.588143621
20160816_1204_1/9,23,3.604302813,99,72.8,16-08-16,12:04:20:237,-3.604302813
20160816_1204_1/10,26,4.898484649,95.5,76,16-08-16,12:04:20:980,-4.898484649
20160816_1204_1/11,60,5.070306769,73.5,56.3,16-08-16,12:04:21:799,-5.070306769
20160816_1204_1/12,59,5.072847101,73.5,57.7,16-08-16,12:04:21:814,-5.072847101
20160816_1204_0/6,27,5.641849578,92.6,59,16-08-16,12:04:22:116,-2.500256924
20160816_1204_1/13,22,4.395910004,98.4,80.4,16-08-16,12:04:24:049,-4.395910004
20160816_1204_1/14,86,4.964491683,67.5,61.5,16-08-16,12:04:24:944,-4.964491683
20160816_1204_1/15,85,4.962679377,68.3,59.9,16-08-16,12:04:24:960,-4.962679377
20160816_1204_1/16,35,4.417987614,98.2,77.8,16-08-16,12:04:26:706,-4.417987614
20160816_1204_1/17,33,4.424049458,96,77.2,16-08-16,12:04:26:722,-4.424049458
20160816_1204_1/18,32,4.424165201,98,79.3,16-08-16,12:04:26:737,-4.424165201
20160816_1204_1/19,85,4.908755127,57.8,56.8,16-08-16,12:04:28:898,-4.908755127
20160816_1204_1/20,50,5.340477307,62,61.2,16-08-16,12:04:32:090,-5.340477307
20160816_1204_1/21,25,4.513710564,103.4,104.2,16-08-16,12:04:32:495,-4.513710564
20160816_1204_1/22,34,3.895404523,105.8,109.2,16-08-16,12:04:33:832,-3.895404523
20160816_1204_1/23,59,5.390852798,56.8,59.4,16-08-16,12:04:37:762,-5.390852798
20160816_1204_1/24,46,4.744086452,59.3,58,16-08-16,12:04:40:995,-4.744086452
20160816_1204_1/25,35,4.2110611,106,89.5,16-08-16,12:04:45:790,-4.2110611
20160816_1204_1/26,38,1.695625588,70,64.3,16-08-16,12:04:50:993,-1.695625588
20160816_1204_1/27,28,5.204131862,70,65.2,16-08-16,12:04:54:784,-5.204131862
20160816_1204_1/28,22,5.205760355,70.1,63.3,16-08-16,12:04:54:850,-5.205760355
20160816_1204_1/29,51,5.515317618,71.8,59.6,16-08-16,12:04:58:214,-5.515317618
20160816_1205_0/2,25,1.40525982,79.8,22.3,16-08-16,12:05:33:208,1.736332834
20160816_1206_1/1,25,5.721907222,49,40.8,16-08-16,12:06:08:454,-5.721907222
20160816_1206_1/5,23,0.852806487,58.3,44.8,16-08-16,12:06:19:413,-0.852806487
20160816_1206_1/10,63,3.201389042,96.6,77.2,16-08-16,12:06:26:078,-3.201389042
20160816_1206_1/12,69,4.289236826,89.8,75.4,16-08-16,12:06:29:775,-4.289236826
20160816_1206_1/13,106,3.251185241,90.5,90.3,16-08-16,12:06:36:051,-3.251185241
20160816_1206_1/14,101,3.212597817,90.6,88.7,16-08-16,12:06:36:101,-3.212597817
20160816_1206_1/15,24,6.176018632,62,47.7,16-08-16,12:06:38:156,-6.176018632
20160816_1206_1/17,92,4.087513439,87.8,86.8,16-08-16,12:06:39:554,-4.087513439
20160816_1206_1/16,24,0.668436352,68.6,58.2,16-08-16,12:06:40:134,-0.668436352
20160816_1206_1/19,34,0.920974729,73,53.5,16-08-16,12:06:44:234,-0.920974729
20160816_1206_1/20,33,0.913839501,74.1,52.4,16-08-16,12:06:44:234,-0.913839501
20160816_1206_0/0,109,0.133853536,69.3,33,16-08-16,12:06:45:128,3.007739118
20160816_1206_0/2,29,4.588194624,96.5,84.8,16-08-16,12:06:58:414,-1.44660197
20160816_1207_1/0,28,1.428038941,89.8,38,16-08-16,12:07:01:582,-1.428038941
20160816_1207_1/4,28,0.664130116,86,32.8,16-08-16,12:07:06:417,-0.664130116
20160816_1207_1/8,26,0.766563359,82.3,44.8,16-08-16,12:07:16:781,-0.766563359
20160816_1207_1/10,63,4.062336339,94.6,101.6,16-08-16,12:07:25:175,-4.062336339
20160816_1207_0/0,22,0.197193626,109.2,13.6,16-08-16,12:07:25:762,2.944399027
20160816_1207_1/11,30,6.081066587,35.4,21.4,16-08-16,12:07:27:844,-6.081066587
20160816_1207_1/12,22,3.076684746,20.4,80.4,16-08-16,12:07:28:617,-3.076684746
20160816_1207_1/13,24,1.680468023,88.8,109,16-08-16,12:07:32:027,-1.680468023
20160816_1207_0/1,23,3.178269152,115.5,99.8,16-08-16,12:07:32:199,-0.036676498
20160816_1207_1/14,33,4.444410046,94,99.3,16-08-16,12:07:35:814,-4.444410046
20160816_1207_1/15,22,0.301246733,76.8,32.4,16-08-16,12:07:36:671,-0.301246733
20160816_1207_1/17,32,0.341483879,67.7,41.9,16-08-16,12:07:41:437,-0.341483879
20160816_1207_0/2,30,1.075519444,26.9,73.4,16-08-16,12:07:41:499,2.06607321
20160816_1207_1/18,31,4.644506731,84.5,99.6,16-08-16,12:07:42:201,-4.644506731
20160816_1207_1/19,32,4.105415264,96.5,102.8,16-08-16,12:07:43:711,-4.105415264
20160816_1207_1/20,22,1.175608626,77,43,16-08-16,12:07:45:109,-1.175608626
20160816_1207_1/21,25,5.004674695,92.4,101.4,16-08-16,12:07:45:774,-5.004674695
20160816_1207_1/22,22,3.914417547,79.2,44.2,16-08-16,12:07:49:107,-3.914417547
20160816_1207_1/25,24,4.918192877,91.9,97,16-08-16,12:07:54:816,-4.918192877
20160816_1207_1/26,32,0.625382288,76.8,41.5,16-08-16,12:07:56:186,-0.625382288
20160816_1207_1/28,30,0.616706016,76,43.2,16-08-16,12:07:56:202,-0.616706016
20160816_1207_1/27,30,0.616706016,76,43.2,16-08-16,12:07:56:202,-0.616706016
20160816_1208_1/0,46,4.471164745,94.1,97.8,16-08-16,12:08:04:296,-4.471164745
20160816_1208_1/1,24,0.695480631,74.3,44.1,16-08-16,12:08:05:455,-0.695480631
20160816_1208_1/6,22,0.479746721,82.3,105.5,16-08-16,12:08:10:532,-0.479746721
20160816_1208_1/7,22,4.491287823,79.6,94,16-08-16,12:08:11:510,-4.491287823
20160816_1208_1/8,24,0.948789494,77,105.4,16-08-16,12:08:12:523,-0.948789494
20160816_1208_1/9,25,4.57057624,82.2,102.2,16-08-16,12:08:13:033,-4.57057624
20160816_1208_1/10,35,4.640574206,80.8,101.3,16-08-16,12:08:14:721,-4.640574206
20160816_1208_1/11,27,4.444122774,76.2,100.6,16-08-16,12:08:17:570,-4.444122774
20160816_1208_1/12,22,1.632369933,78.8,109.6,16-08-16,12:08:19:445,-1.632369933
20160816_1208_1/14,25,4.917066181,85.4,95.8,16-08-16,12:08:22:323,-4.917066181
20160816_1208_1/15,43,4.440107511,88,92.8,16-08-16,12:08:26:719,-4.440107511
20160816_1208_1/16,60,3.765901679,94.2,72.8,16-08-16,12:08:29:715,-3.765901679
20160816_1208_1/17,112,3.23689754,93.3,68.3,16-08-16,12:08:33:492,-3.23689754
20160816_1208_1/18,108,3.676163982,91.6,68.4,16-08-16,12:08:37:340,-3.676163982
20160816_1208_0/0,26,5.63479685,137.5,12.3,16-08-16,12:08:50:486,-2.493204196
20160816_1208_1/19,45,3.672168231,54.3,61.6,16-08-16,12:08:51:435,-3.672168231
20160816_1208_1/20,39,5.330240419,58,72.8,16-08-16,12:08:52:242,-5.330240419
20160816_1208_1/21,55,4.424025346,65.3,84.5,16-08-16,12:08:55:416,-4.424025346
20160816_1208_1/22,45,4.415459019,64.8,84.2,16-08-16,12:08:58:209,-4.415459019
20160816_1209_1/0,27,3.667499788,77.2,83.6,16-08-16,12:09:02:180,-3.667499788
20160816_1209_1/3,29,1.342361982,79.5,31,16-08-16,12:09:08:282,-1.342361982
20160816_1209_1/4,22,1.00163022,84.9,90.2,16-08-16,12:09:10:494,-1.00163022
20160816_1209_1/5,28,4.734083513,77.8,89.3,16-08-16,12:09:11:866,-4.734083513
20160816_1209_1/6,23,6.090466312,84.2,80.4,16-08-16,12:09:14:090,-6.090466312
20160816_1209_1/7,27,6.084176173,84.3,88.5,16-08-16,12:09:18:154,-6.084176173
20160816_1209_1/8,25,4.183645565,74.3,75.8,16-08-16,12:09:24:440,-4.183645565
20160816_1209_1/9,23,4.709563256,68.8,79,16-08-16,12:09:27:968,-4.709563256
20160816_1209_1/11,74,4.96667634,59.5,43.3,16-08-16,12:09:33:310,-4.96667634
20160816_1209_1/13,26,3.989786755,75.4,79.6,16-08-16,12:09:36:044,-3.989786755
20160816_1209_1/14,26,5.915317593,69,89.5,16-08-16,12:09:36:658,-5.915317593
20160816_1209_1/15,38,3.248132946,76.9,107.1,16-08-16,12:09:40:002,-3.248132946
20160816_1209_1/16,98,3.887133278,80.3,110.3,16-08-16,12:09:43:223,-3.887133278
20160816_1209_1/17,25,0.986111964,78.8,51,16-08-16,12:09:49:398,-0.986111964
20160816_1209_1/18,73,4.948458564,76.8,73.6,16-08-16,12:09:49:448,-4.948458564
20160816_1209_0/0,38,1.294601272,73.8,63.1,16-08-16,12:09:49:909,1.846991382
20160816_1209_1/19,28,4.978425253,77.4,78.7,16-08-16,12:09:49:924,-4.978425253
20160816_1209_1/20,28,4.978425253,77.4,78.7,16-08-16,12:09:49:924,-4.978425253
20160816_1209_1/21,81,4.972798921,82.2,79.9,16-08-16,12:09:54:573,-4.972798921
20160816_1209_1/22,87,4.068464422,84.9,111.9,16-08-16,12:09:54:702,-4.068464422
20160816_1209_0/1,33,2.274056249,61.6,46.7,16-08-16,12:09:55:241,0.867536405
20160816_1209_1/23,54,5.480754742,68.4,57,16-08-16,12:09:56:408,-5.480754742
20160816_1209_0/2,25,0.885222084,64.2,52.2,16-08-16,12:09:56:702,2.256370569
20160816_1209_1/28,85,3.751495047,83.6,108.6,16-08-16,12:09:58:861,-3.751495047
20160816_1209_1/29,28,5.44505795,66.5,57.3,16-08-16,12:09:59:617,-5.44505795
20160816_1209_1/30,27,5.460975431,66.8,55.8,16-08-16,12:09:59:632,-5.460975431
20160816_1210_1/0,77,5.387492888,64.8,59,16-08-16,12:10:02:079,-5.387492888
20160816_1210_1/1,80,3.665404466,87,112,16-08-16,12:10:02:190,-3.665404466
20160816_1210_1/2,66,5.316906335,75.9,81.3,16-08-16,12:10:02:352,-5.316906335
20160816_1210_1/3,63,5.288770128,74.5,82,16-08-16,12:10:02:383,-5.288770128
20160816_1210_0/0,30,3.306668817,98.5,63.8,16-08-16,12:10:02:614,-0.165076164
20160816_1210_1/6,81,5.039174241,77,80.5,16-08-16,12:10:04:687,-5.039174241
20160816_1210_1/5,81,5.039174241,77,80.5,16-08-16,12:10:04:687,-5.039174241
20160816_1210_1/7,81,5.039174241,77,80.5,16-08-16,12:10:04:687,-5.039174241
20160816_1210_1/4,65,5.282178626,70.3,57.5,16-08-16,12:10:04:703,-5.282178626
20160816_1210_0/1,28,2.916923994,93.4,61.2,16-08-16,12:10:04:880,0.22466866
20160816_1210_0/2,28,2.83119593,74.2,47.9,16-08-16,12:10:05:721,0.310396724
20160816_1210_1/8,74,5.500420275,67.3,58.8,16-08-16,12:10:07:200,-5.500420275
20160816_1210_1/9,59,5.117395935,78.3,84.4,16-08-16,12:10:07:587,-5.117395935
20160816_1210_1/11,92,5.356230722,64.3,55.8,16-08-16,12:10:09:865,-5.356230722
20160816_1210_1/10,59,4.9376561,80,80.5,16-08-16,12:10:10:122,-4.9376561
20160816_1210_1/12,74,3.971712228,93.5,103.5,16-08-16,12:10:10:647,-3.971712228
20160816_1210_1/14,57,5.398356524,63.4,51,16-08-16,12:10:12:970,-5.398356524
20160816_1210_1/15,81,3.604448665,96.5,105,16-08-16,12:10:14:545,-3.604448665
20160816_1210_1/16,82,5.640807086,58.3,46.3,16-08-16,12:10:15:954,-5.640807086
20160816_1210_1/17,94,4.159816715,90.8,106,16-08-16,12:10:18:286,-4.159816715
20160816_1210_1/18,65,5.658982144,67.1,56.6,16-08-16,12:10:19:501,-5.658982144
20160816_1210_1/21,73,5.587119375,59.8,59.5,16-08-16,12:10:26:427,-5.587119375
20160816_1210_1/22,77,2.533957054,129,57.5,16-08-16,12:10:29:598,-2.533957054
20160816_1210_1/24,67,3.829696738,131.8,56.8,16-08-16,12:10:35:876,-3.829696738
20160816_1210_1/25,22,1.145530812,71.6,50.6,16-08-16,12:10:38:202,-1.145530812
20160816_1210_1/26,35,5.504553288,71.4,53.6,16-08-16,12:10:38:787,-5.504553288
20160816_1210_1/27,31,5.507389523,69.5,54.3,16-08-16,12:10:38:835,-5.507389523
20160816_1210_1/29,74,5.156474997,81.1,38.1,16-08-16,12:10:44:566,-5.156474997
20160816_1210_1/28,25,2.026942095,69.8,47.5,16-08-16,12:10:44:597,-2.026942095
20160816_1210_1/30,29,5.560989191,75.5,65.5,16-08-16,12:10:47:163,-5.560989191
20160816_1210_1/31,34,4.818999356,78.5,41.5,16-08-16,12:10:47:391,-4.818999356
20160816_1210_1/32,31,4.649074766,70,47,16-08-16,12:10:48:624,-4.649074766
20160816_1210_1/33,59,5.133869321,69.8,74.3,16-08-16,12:10:49:764,-5.133869321
20160816_1210_1/34,63,4.752572043,60.9,45.7,16-08-16,12:10:50:867,-4.752572043
20160816_1210_1/35,50,4.739710947,61.3,49,16-08-16,12:10:51:004,-4.739710947
20160816_1210_1/36,41,3.792443659,105.8,107.8,16-08-16,12:10:51:243,-3.792443659
20160816_1210_1/37,55,5.042025772,80,73.5,16-08-16,12:10:52:173,-5.042025772
20160816_1210_1/38,23,2.139844113,77,73.8,16-08-16,12:10:54:814,-2.139844113
20160816_1210_1/40,91,5.225636738,80,73,16-08-16,12:10:56:997,-5.225636738
20160816_1210_1/43,84,4.066756837,101.8,100,16-08-16,12:10:58:212,-4.066756837
20160816_1210_1/42,22,5.830376642,67.4,50.4,16-08-16,12:10:58:690,-5.830376642
20160816_1210_1/44,52,5.152290164,78.2,76.3,16-08-16,12:10:59:796,-5.152290164
20160816_1210_1/45,49,5.155236892,79.4,74.2,16-08-16,12:10:59:811,-5.155236892
20160816_1211_1/0,23,2.370819033,72.6,47.6,16-08-16,12:11:01:079,-2.370819033
20160816_1211_1/1,59,3.536052213,103.6,98.7,16-08-16,12:11:01:556,-3.536052213
20160816_1211_1/2,82,5.239529574,83.2,75,16-08-16,12:11:02:138,-5.239529574
20160816_1211_1/3,22,2.305658107,121.8,42.8,16-08-16,12:11:03:939,-2.305658107
20160816_1211_1/4,58,5.180480044,85.8,74,16-08-16,12:11:04:521,-5.180480044
20160816_1211_1/8,77,5.373127918,82.4,74,16-08-16,12:11:06:955,-5.373127918
20160816_1211_1/9,29,1.848568354,80.8,83.8,16-08-16,12:11:09:180,-1.848568354
20160816_1211_1/11,25,3.925116459,101.8,107.5,16-08-16,12:11:09:456,-3.925116459
20160816_1211_1/10,25,3.925116459,101.8,107.5,16-08-16,12:11:09:456,-3.925116459
20160816_1211_1/12,33,3.893031485,71,49.8,16-08-16,12:11:10:617,-3.893031485
20160816_1211_1/13,50,5.284694255,84.7,81.6,16-08-16,12:11:11:363,-5.284694255
20160816_1211_1/14,26,0.658433647,62.8,50,16-08-16,12:11:12:682,-0.658433647
20160816_1211_1/15,82,3.843863555,102,106.3,16-08-16,12:11:12:811,-3.843863555
20160816_1211_1/16,81,3.865653633,99.5,106.5,16-08-16,12:11:12:811,-3.865653633
20160816_1211_1/17,53,3.821510548,98.8,108,16-08-16,12:11:13:133,-3.821510548
20160816_1211_0/1,22,1.66391309,34.5,59,16-08-16,12:11:14:050,1.477679564
20160816_1211_1/18,31,5.433600657,83.9,85.6,16-08-16,12:11:14:553,-5.433600657
20160816_1211_1/19,32,4.537886436,63.4,47.4,16-08-16,12:11:15:219,-4.537886436
20160816_1211_1/20,52,3.881747387,102,101.4,16-08-16,12:11:16:729,-3.881747387
20160816_1211_1/21,52,3.881747387,102,101.4,16-08-16,12:11:16:729,-3.881747387
20160816_1211_1/22,30,6.0997698,62.3,51.3,16-08-16,12:11:17:819,-6.0997698
20160816_1211_1/23,47,5.081094608,65.9,44.6,16-08-16,12:11:18:797,-5.081094608
20160816_1211_1/26,65,5.008331473,79.4,83.9,16-08-16,12:11:19:785,-5.008331473
20160816_1211_1/27,25,5.14932781,80,87.8,16-08-16,12:11:20:190,-5.14932781
20160816_1211_1/28,23,0.94247182,66.3,47.5,16-08-16,12:11:21:840,-0.94247182
20160816_1211_1/29,64,5.127621321,81.8,87.4,16-08-16,12:11:22:610,-5.127621321
20160816_1211_1/30,54,3.651530971,104.5,99.5,16-08-16,12:11:23:845,-3.651530971
20160816_1211_1/31,47,4.457844152,78.8,86,16-08-16,12:11:24:914,-4.457844152
20160816_1211_1/32,24,5.099579686,79.8,87,16-08-16,12:11:26:753,-5.099579686
20160816_1211_1/33,38,4.596920718,69.7,42.3,16-08-16,12:11:27:253,-4.596920718
20160816_1211_1/34,35,4.578645693,71.2,43.7,16-08-16,12:11:27:288,-4.578645693
20160816_1211_1/37,59,4.800171473,84.3,85.5,16-08-16,12:11:28:995,-4.800171473
20160816_1211_1/38,82,5.062164466,79,103,16-08-16,12:11:31:901,-5.062164466
20160816_1211_1/39,29,3.846666444,88.2,110.4,16-08-16,12:11:33:923,-3.846666444
20160816_1211_1/40,25,0.715855485,86.9,111.3,16-08-16,12:11:33:954,-0.715855485
20160816_1211_1/41,51,4.976398422,84,92.5,16-08-16,12:11:34:393,-4.976398422
20160816_1211_1/42,55,5.066989813,98.3,82.6,16-08-16,12:11:34:435,-5.066989813
20160816_1211_1/43,94,5.04135758,81.5,93.5,16-08-16,12:11:36:141,-5.04135758
20160816_1211_1/44,29,4.436251887,70.6,57.7,16-08-16,12:11:37:366,-4.436251887
20160816_1211_1/45,23,4.419065459,72.5,61.2,16-08-16,12:11:37:417,-4.419065459
20160816_1211_1/46,23,5.103642218,100.7,88.1,16-08-16,12:11:37:472,-5.103642218
20160816_1211_1/47,90,4.032785807,81.3,70,16-08-16,12:11:38:612,-4.032785807
20160816_1211_1/48,30,4.630526663,98.6,84,16-08-16,12:11:39:288,-4.630526663
20160816_1211_1/49,66,5.001248545,66,101.4,16-08-16,12:11:41:019,-5.001248545
20160816_1211_1/50,51,5.470553466,96.4,83.8,16-08-16,12:11:41:537,-5.470553466
20160816_1211_1/51,23,4.742313738,74.2,63.4,16-08-16,12:11:42:925,-4.742313738
20160816_1211_1/52,46,4.992335742,67.4,96.7,16-08-16,12:11:43:358,-4.992335742
20160816_1211_1/54,65,5.100925441,99.8,88.3,16-08-16,12:11:43:991,-5.100925441
20160816_1211_1/55,53,5.116468413,101.5,89.4,16-08-16,12:11:44:103,-5.116468413
20160816_1211_1/53,33,4.306051352,75,62.8,16-08-16,12:11:44:199,-4.306051352
20160816_1211_1/57,68,5.032128961,64.1,99.7,16-08-16,12:11:45:266,-5.032128961
20160816_1211_1/56,31,4.178636077,84,72.5,16-08-16,12:11:45:519,-4.178636077
20160816_1211_1/58,80,4.993724407,103.3,92,16-08-16,12:11:46:849,-4.993724407
20160816_1211_1/59,79,4.993641688,104,93.4,16-08-16,12:11:46:864,-4.993641688
20160816_1211_1/60,28,5.26463286,64.3,99.5,16-08-16,12:11:48:101,-5.26463286
20160816_1211_1/61,66,4.73404217,102.6,91,16-08-16,12:11:49:532,-4.73404217
20160816_1211_1/62,25,3.92287476,69.7,71.5,16-08-16,12:11:50:111,-3.92287476
20160816_1211_1/63,26,5.270718221,59.4,93.6,16-08-16,12:11:50:562,-5.270718221
20160816_1211_1/64,80,5.325478364,97,93,16-08-16,12:11:52:076,-5.325478364
20160816_1211_1/65,22,5.793367625,86.8,85,16-08-16,12:11:52:679,-5.793367625
20160816_1211_1/66,79,4.828927326,106,90.6,16-08-16,12:11:55:508,-4.828927326
20160816_1211_1/68,42,6.026751591,102.8,49.5,16-08-16,12:11:57:611,-6.026751591
20160816_1211_1/69,34,5.510473411,107.8,96.5,16-08-16,12:11:58:251,-5.510473411
20160816_1212_1/0,58,4.709958007,104,93.8,16-08-16,12:12:00:358,-4.709958007
20160816_1212_1/1,54,4.663107621,102.9,94.9,16-08-16,12:12:00:390,-4.663107621
20160816_1212_1/2,67,5.428643232,103.8,94.2,16-08-16,12:12:02:737,-5.428643232
20160816_1212_1/3,23,4.64385294,103,97.2,16-08-16,12:12:05:053,-4.64385294
20160816_1212_1/6,66,5.318083538,105.4,99.3,16-08-16,12:12:07:571,-5.318083538
20160816_1212_1/7,55,4.784343488,101.4,92,16-08-16,12:12:10:327,-4.784343488
20160816_1212_1/8,45,5.471367427,104.3,93.3,16-08-16,12:12:12:576,-5.471367427
20160816_1212_1/10,73,5.245950906,107.2,91.2,16-08-16,12:12:17:998,-5.245950906
20160816_1212_1/12,56,4.837056686,106.7,94.3,16-08-16,12:12:20:397,-4.837056686
20160816_1212_1/14,75,5.419377102,107,90.3,16-08-16,12:12:22:923,-5.419377102
20160816_1212_1/17,71,4.960858856,104,88.3,16-08-16,12:12:27:236,-4.960858856
20160816_1212_1/19,26,1.191583454,45,106.5,16-08-16,12:12:32:986,-1.191583454
20160816_1212_1/28,33,2.132539241,55.8,72,16-08-16,12:12:58:460,-2.132539241
20160816_1213_1/1,55,1.152005368,68.3,64.6,16-08-16,12:13:02:222,-1.152005368
20160816_1213_1/2,54,3.616677583,101.3,108.5,16-08-16,12:13:05:725,-3.616677583
20160816_1213_1/4,36,3.534055715,99.6,108.6,16-08-16,12:13:09:513,-3.534055715
20160816_1213_1/5,70,5.326101699,121.1,97.9,16-08-16,12:13:11:421,-5.326101699
20160816_1213_1/6,79,3.856834901,101.6,110.6,16-08-16,12:13:13:143,-3.856834901
20160816_1213_1/10,100,5.132315824,88.8,83.5,16-08-16,12:13:26:170,-5.132315824
20160816_1213_1/11,50,1.852962205,87,93.3,16-08-16,12:13:29:162,-1.852962205
20160816_1213_1/12,44,3.483043708,113,94.4,16-08-16,12:13:31:041,-3.483043708
20160816_1213_1/13,41,5.292941673,84.8,89.6,16-08-16,12:13:31:247,-5.292941673
20160816_1213_1/18,62,5.369928963,86.4,89.7,16-08-16,12:13:34:664,-5.369928963
20160816_1213_1/21,27,0.530378814,44.8,21,16-08-16,12:13:40:294,-0.530378814
20160816_1213_1/22,23,5.18713731,90.8,92.3,16-08-16,12:13:45:316,-5.18713731
20160816_1214_0/1,27,0.82759664,29.5,77.3,16-08-16,12:14:15:360,2.313996013
20160816_1214_1/2,44,5.308320176,68.3,61.5,16-08-16,12:14:17:090,-5.308320176
20160816_1214_1/3,55,5.464648445,64.3,56.8,16-08-16,12:14:19:960,-5.464648445
20160816_1214_1/6,70,5.22734661,66,59,16-08-16,12:14:31:771,-5.22734661
20160816_1214_1/7,102,5.407189926,68,56.2,16-08-16,12:14:34:208,-5.407189926
20160816_1214_1/8,70,5.54859279,68.3,58.3,16-08-16,12:14:37:758,-5.54859279
20160816_1214_0/18,90,2.401079297,63.3,32.3,16-08-16,12:14:45:576,0.740513357
20160816_1214_1/9,41,5.893603044,28.3,39.8,16-08-16,12:14:56:382,-5.893603044
20160816_1215_1/0,87,5.480434886,76.6,77,16-08-16,12:15:02:546,-5.480434886
20160816_1215_1/1,74,5.600973952,100.1,96.8,16-08-16,12:15:03:718,-5.600973952
20160816_1215_1/2,26,5.17930025,75.3,84.7,16-08-16,12:15:05:470,-5.17930025
20160816_1215_1/3,63,5.546874811,101,95.5,16-08-16,12:15:06:921,-5.546874811
20160816_1215_1/4,92,5.400302085,73.8,73,16-08-16,12:15:07:499,-5.400302085
20160816_1215_1/5,79,5.073779306,75,77.6,16-08-16,12:15:10:033,-5.073779306
20160816_1215_1/6,82,5.584410426,71.4,78.4,16-08-16,12:15:12:393,-5.584410426
20160816_1215_1/7,77,5.603294379,71.6,79.9,16-08-16,12:15:12:432,-5.603294379
20160816_1215_1/8,58,6.084781294,97.8,94.5,16-08-16,12:15:13:616,-6.084781294
20160816_1215_1/9,39,5.297221299,73.4,80.2,16-08-16,12:15:15:295,-5.297221299
20160816_1215_1/11,73,5.40619136,73.3,75.1,16-08-16,12:15:17:454,-5.40619136
20160816_1215_1/14,52,5.224511321,75,78.2,16-08-16,12:15:28:159,-5.224511321
20160816_1215_0/11,25,4.844597453,64,53.8,16-08-16,12:15:54:134,-1.7030048
20160816_1215_0/12,24,4.856518236,65.3,53,16-08-16,12:15:54:150,-1.714925582
20160816_1216_1/0,31,3.524064532,30.3,57.5,16-08-16,12:16:05:587,-3.524064532
20160816_1216_1/1,26,0.407759294,29.3,58.5,16-08-16,12:16:06:383,-0.407759294
20160816_1216_0/3,28,5.584407513,95.5,61,16-08-16,12:16:36:020,-2.442814859
20160816_1216_1/4,52,6.200637606,89.4,61,16-08-16,12:16:37:109,-6.200637606
20160816_1217_1/0,46,5.672119979,79.5,111,16-08-16,12:17:08:861,-5.672119979
20160816_1217_1/1,44,5.679714253,80.3,109.8,16-08-16,12:17:08:879,-5.679714253
20160816_1217_1/2,27,1.898153073,80.8,115,16-08-16,12:17:14:308,-1.898153073
20160816_1217_1/3,48,5.747416151,73.5,106.3,16-08-16,12:17:17:941,-5.747416151
20160816_1217_1/4,45,5.701184106,74.6,107.2,16-08-16,12:17:17:972,-5.701184106
20160816_1217_0/8,36,3.833432309,25.8,86.8,16-08-16,12:17:33:057,-0.691839656
20160816_1217_0/10,28,2.091315362,23.8,91,16-08-16,12:17:36:146,1.050277291
20160816_1217_0/13,27,1.843651554,115.9,62.1,16-08-16,12:17:40:665,1.297941099
20160816_1217_0/19,34,0.910845372,37.3,61.3,16-08-16,12:17:51:104,2.230747282
20160816_1217_1/9,48,5.350901652,79.4,109.8,16-08-16,12:17:54:187,-5.350901652
20160816_1217_1/10,60,0.708735009,94,39,16-08-16,12:17:54:265,-0.708735009
20160816_1217_1/12,25,4.586419889,98.5,31.5,16-08-16,12:17:56:332,-4.586419889
20160816_1218_1/8,69,5.10712675,100.8,104.3,16-08-16,12:18:17:606,-5.10712675
20160816_1218_1/12,81,5.356516634,105.3,105,16-08-16,12:18:20:463,-5.356516634
20160816_1218_1/13,52,5.554029508,96,99.2,16-08-16,12:18:24:688,-5.554029508
20160816_1218_1/14,22,5.124634434,108.5,109,16-08-16,12:18:25:477,-5.124634434
20160816_1218_1/19,25,5.57620018,86.4,106.6,16-08-16,12:18:31:890,-5.57620018
20160816_1218_1/20,32,2.546782492,84.7,110.6,16-08-16,12:18:34:024,-2.546782492
20160816_1218_1/21,31,2.564738784,86.6,111.1,16-08-16,12:18:34:024,-2.564738784
20160816_1218_1/23,24,6.141007941,64.8,42.3,16-08-16,12:18:34:741,-6.141007941
20160816_1218_1/28,40,5.526907326,85.5,107.8,16-08-16,12:18:38:771,-5.526907326
20160816_1218_1/29,39,5.468501698,86.8,106.8,16-08-16,12:18:38:771,-5.468501698
20160816_1218_0/0,23,2.216891457,85.1,28.1,16-08-16,12:18:41:211,0.924701197
20160816_1218_1/30,34,5.111095253,85.3,111.3,16-08-16,12:18:43:577,-5.111095253
20160816_1218_1/35,52,5.5804353,70.5,102.8,16-08-16,12:18:45:737,-5.5804353
20160816_1218_1/38,64,4.977440259,78.3,77.8,16-08-16,12:18:51:589,-4.977440259
20160816_1218_1/39,25,0.935676569,102.6,45.7,16-08-16,12:18:55:470,-0.935676569
20160816_1218_0/1,38,3.002385844,118.8,55.3,16-08-16,12:18:55:813,0.139206809
20160816_1219_1/1,45,5.246464885,86.2,52.7,16-08-16,12:19:01:747,-5.246464885
20160816_1219_1/2,44,5.241818079,87.8,51.3,16-08-16,12:19:01:762,-5.241818079
20160816_1219_1/4,28,4.340702006,63.8,56,16-08-16,12:19:06:994,-4.340702006
20160816_1219_1/7,50,4.592324818,69.8,56.5,16-08-16,12:19:11:503,-4.592324818
20160816_1219_1/8,24,4.342486843,73.1,58.8,16-08-16,12:19:11:766,-4.342486843
20160816_1219_1/9,113,5.462363994,54.5,73.5,16-08-16,12:19:13:874,-5.462363994
20160816_1219_0/1,75,3.92045113,114.8,77.4,16-08-16,12:19:14:112,-0.778858476
20160816_1219_1/10,31,4.944118445,70,54.5,16-08-16,12:19:19:880,-4.944118445
20160816_1219_1/11,38,5.147841459,81.1,80.8,16-08-16,12:19:31:782,-5.147841459
20160816_1219_1/14,50,5.118467134,83.2,82.6,16-08-16,12:19:34:908,-5.118467134
20160816_1219_1/15,58,4.999944766,91,80.8,16-08-16,12:19:39:842,-4.999944766
20160816_1219_1/19,40,5.248531813,69.8,27.3,16-08-16,12:19:52:175,-5.248531813
20160816_1220_1/3,29,5.482099151,53.5,63,16-08-16,12:20:00:581,-5.482099151
20160816_1220_1/2,29,2.340506498,53.5,63,16-08-16,12:20:00:581,-2.340506498
20160816_1220_0/1,24,2.431961284,66.4,35.5,16-08-16,12:20:17:672,0.709631369
20160816_1220_0/2,24,2.896745939,36.4,69.4,16-08-16,12:20:22:330,0.244846715
20160816_1220_1/4,51,4.30632625,100.7,110.3,16-08-16,12:20:27:008,-4.30632625
20160816_1220_1/6,37,5.688891609,101,111.8,16-08-16,12:20:28:595,-5.688891609
20160816_1220_1/7,31,5.520930249,63.5,37.5,16-08-16,12:20:31:882,-5.520930249
20160816_1220_1/9,76,4.683511084,86,68.3,16-08-16,12:20:38:841,-4.683511084
20160816_1220_1/10,57,5.555472572,89,75.8,16-08-16,12:20:45:193,-5.555472572
20160816_1220_1/11,35,5.44420798,78.5,90.3,16-08-16,12:20:48:570,-5.44420798
20160816_1220_1/12,82,5.369160572,83.6,81.4,16-08-16,12:20:53:060,-5.369160572
20160816_1220_1/13,78,5.359097944,83.4,80,16-08-16,12:20:53:092,-5.359097944
20160816_1220_1/14,85,5.422997291,84.6,80.8,16-08-16,12:20:56:654,-5.422997291
20160816_1221_1/0,25,5.424569453,75,91,16-08-16,12:21:00:613,-5.424569453
20160816_1221_1/1,35,5.331654958,80,92.3,16-08-16,12:21:01:053,-5.331654958
20160816_1221_0/0,25,2.968488685,136.2,41,16-08-16,12:21:22:908,0.173103969
20160816_1221_1/6,40,5.547204317,89,64.5,16-08-16,12:21:23:453,-5.547204317
20160816_1221_1/7,58,5.094075533,87.5,73.3,16-08-16,12:21:35:147,-5.094075533
20160816_1221_1/10,74,1.496855583,138.2,110.8,16-08-16,12:21:46:469,-1.496855583
20160816_1221_1/11,23,5.9675371,92.4,88.4,16-08-16,12:21:52:894,-5.9675371
20160816_1222_1/0,64,0.251355726,142.3,102.5,16-08-16,12:22:00:180,-0.251355726
20160816_1222_0/0,53,3.164929675,137.4,41,16-08-16,12:22:06:789,-0.023337022
20160816_1222_0/1,46,3.252232461,135.8,41.3,16-08-16,12:22:06:862,-0.110639807
20160816_1222_1/1,24,2.067678848,146.5,97.5,16-08-16,12:22:09:477,-2.067678848
20160816_1222_1/2,73,5.005546934,146.4,96.8,16-08-16,12:22:09:905,-5.005546934
20160816_1222_1/3,22,3.061412865,66,114,16-08-16,12:22:12:440,-3.061412865
20160816_1222_1/4,34,4.999109978,59,114.5,16-08-16,12:22:13:477,-4.999109978
20160816_1222_1/9,23,5.3260377,95.4,111.8,16-08-16,12:22:59:755,-5.3260377
20160816_1223_0/0,76,3.194884758,136.4,41.4,16-08-16,12:23:23:911,-0.053292104
20160816_1223_0/1,27,3.289477828,136.5,41.5,16-08-16,12:23:26:778,-0.147885174
20160816_1223_1/1,96,3.506176461,137,108.5,16-08-16,12:23:36:313,-3.506176461
20160816_1223_1/2,36,4.696762374,113.3,98.3,16-08-16,12:23:40:091,-4.696762374
20160816_1223_1/4,28,3.539570744,132.4,108.8,16-08-16,12:23:43:366,-3.539570744
20160816_1223_0/3,32,5.028534167,67.3,87.3,16-08-16,12:23:43:507,-1.886941513
20160816_1223_1/7,39,0.354958901,95.8,50,16-08-16,12:23:51:155,-0.354958901
20160816_1224_1/3,28,0.384444447,52.4,57.6,16-08-16,12:24:18:096,-0.384444447
20160816_1224_1/4,24,3.51943519,54.3,56.1,16-08-16,12:24:18:145,-3.51943519
20160816_1224_1/5,35,4.410716111,53.6,56.4,16-08-16,12:24:20:362,-4.410716111
20160816_1224_1/6,32,4.395284266,51,56.1,16-08-16,12:24:20:393,-4.395284266
20160816_1224_1/7,24,0.345013296,50.4,57.9,16-08-16,12:24:21:075,-0.345013296
20160816_1224_1/9,24,4.860340043,58.6,60.2,16-08-16,12:24:22:682,-4.860340043
20160816_1224_1/10,42,4.632175481,58.2,56.8,16-08-16,12:24:26:081,-4.632175481
20160816_1224_1/19,25,4.88924535,66.5,53.5,16-08-16,12:24:57:345,-4.88924535
20160816_1225_1/0,30,4.91891471,65.5,52.5,16-08-16,12:25:00:568,-4.91891471
20160816_1225_1/3,27,4.277109852,64.8,54.3,16-08-16,12:25:07:673,-4.277109852
20160816_1225_1/4,22,1.730743862,58.3,49.8,16-08-16,12:25:10:257,-1.730743862
20160816_1225_1/5,24,1.115177301,67.1,54,16-08-16,12:25:10:882,-1.115177301
20160816_1225_1/7,25,1.258995298,67,45.5,16-08-16,12:25:12:800,-1.258995298
20160816_1225_1/8,84,5.703338305,81.1,72.3,16-08-16,12:25:18:109,-5.703338305
20160816_1225_0/5,37,0.672472011,60,61,16-08-16,12:25:18:156,2.469120643
20160816_1225_1/9,83,5.336911772,78.5,69.5,16-08-16,12:25:20:450,-5.336911772
20160816_1225_1/10,33,4.824121316,59.6,43.8,16-08-16,12:25:23:143,-4.824121316
20160816_1225_1/11,29,5.61878115,76.4,67.2,16-08-16,12:25:23:268,-5.61878115
20160816_1225_0/8,50,3.970212933,63.1,59.6,16-08-16,12:25:23:381,-0.82862028
20160816_1225_1/12,24,3.107416445,59.9,50,16-08-16,12:25:25:841,-3.107416445
20160816_1225_1/13,41,5.49470849,74.5,63.3,16-08-16,12:25:25:878,-5.49470849
20160816_1225_1/14,29,5.654542218,74.8,67.3,16-08-16,12:25:26:531,-5.654542218
20160816_1225_1/15,120,5.40793529,74.8,61.5,16-08-16,12:25:28:474,-5.40793529
20160816_1225_1/16,64,5.083249721,70.5,68.5,16-08-16,12:25:31:270,-5.083249721
20160816_1225_0/14,41,3.307301526,66.5,60.5,16-08-16,12:25:31:611,-0.165708872
20160816_1225_1/19,48,5.358250152,68.8,69.3,16-08-16,12:25:34:020,-5.358250152
20160816_1225_1/20,46,5.365926205,69.8,68.3,16-08-16,12:25:34:036,-5.365926205
20160816_1225_1/21,44,5.36546217,71.2,68.2,16-08-16,12:25:34:058,-5.36546217
20160816_1225_1/22,28,0.12489932,58.6,40.6,16-08-16,12:25:35:846,-0.12489932
20160816_1225_1/24,56,5.483235796,70.8,67,16-08-16,12:25:36:627,-5.483235796
20160816_1225_1/25,53,5.466091461,68.4,68.4,16-08-16,12:25:36:658,-5.466091461
20160816_1225_1/26,24,0.593356405,52,37.8,16-08-16,12:25:37:809,-0.593356405
20160816_1225_1/27,87,4.952206517,71.4,68,16-08-16,12:25:38:917,-4.952206517
20160816_1225_1/28,84,4.97911455,73.3,66,16-08-16,12:25:38:948,-4.97911455
20160816_1225_1/29,31,4.409870602,57.3,36.8,16-08-16,12:25:41:422,-4.409870602
20160816_1225_1/30,26,4.41418552,60,37.3,16-08-16,12:25:41:481,-4.41418552
20160816_1225_1/31,45,5.349420144,70.8,70,16-08-16,12:25:41:503,-5.349420144
20160816_1225_1/32,30,5.611373533,74,67.8,16-08-16,12:25:44:344,-5.611373533
20160816_1225_1/33,56,5.747401612,65.5,59,16-08-16,12:25:44:876,-5.747401612
20160816_1225_1/34,35,0.603080011,88,94,16-08-16,12:25:45:231,-0.603080011
20160816_1225_1/37,92,5.674460893,76.8,69.3,16-08-16,12:25:46:990,-5.674460893
20160816_1225_1/35,25,0.82945389,99.2,88.8,16-08-16,12:25:47:391,-0.82945389
20160816_1225_1/39,25,3.564124908,68.1,41.9,16-08-16,12:25:48:916,-3.564124908
20160816_1225_1/40,27,4.397307623,94,82.8,16-08-16,12:25:49:055,-4.397307623
20160816_1225_1/41,22,1.170388128,95.2,85.6,16-08-16,12:25:49:104,-1.170388128
20160816_1225_1/42,62,5.366075193,80,67.8,16-08-16,12:25:49:769,-5.366075193
20160816_1225_1/45,77,5.596320657,76.6,61.6,16-08-16,12:25:52:444,-5.596320657
20160816_1225_1/44,23,1.01594628,91.6,83.6,16-08-16,12:25:52:859,-1.01594628
20160816_1225_1/43,23,1.01594628,91.6,83.6,16-08-16,12:25:52:859,-1.01594628
20160816_1225_1/46,45,4.189971941,66.3,72.5,16-08-16,12:25:54:683,-4.189971941
20160816_1225_1/47,42,4.183203633,67.9,72.6,16-08-16,12:25:54:699,-4.183203633
20160816_1225_1/48,39,4.201289537,69.4,71.4,16-08-16,12:25:54:736,-4.201289537
20160816_1225_1/49,53,1.03224759,69.4,71.4,16-08-16,12:25:54:736,-1.03224759
20160816_1225_1/50,24,5.083218815,66.5,111,16-08-16,12:25:56:913,-5.083218815
20160816_1225_1/51,72,5.045278494,78.7,36.3,16-08-16,12:25:57:883,-5.045278494
20160816_1225_1/52,72,1.90368584,78.7,36.3,16-08-16,12:25:57:883,-1.90368584
20160816_1226_1/0,69,5.515784189,74.8,40.4,16-08-16,12:26:00:152,-5.515784189
20160816_1226_1/1,67,5.287214976,74,38.5,16-08-16,12:26:02:361,-5.287214976
20160816_1226_1/3,58,5.665605462,81.5,66.8,16-08-16,12:26:03:217,-5.665605462
20160816_1226_1/2,25,4.506744013,55.9,116.2,16-08-16,12:26:03:467,-4.506744013
20160816_1226_1/4,72,5.628389213,75.6,43.6,16-08-16,12:26:04:999,-5.628389213
20160816_1226_0/0,35,3.28252061,92.8,46,16-08-16,12:26:05:242,-0.140927957
20160816_1226_1/5,24,4.364657957,69,110,16-08-16,12:26:06:362,-4.364657957
20160816_1226_1/6,30,4.992598235,61.5,56,16-08-16,12:26:06:688,-4.992598235
20160816_1226_1/7,36,1.999463389,67.8,43.4,16-08-16,12:26:07:517,-1.999463389
20160816_1226_1/8,23,4.040630393,73.8,111.5,16-08-16,12:26:08:899,-4.040630393
20160816_1226_1/11,61,5.755166439,53,56,16-08-16,12:26:09:988,-5.755166439
20160816_1226_1/10,51,5.722276575,62.4,44.6,16-08-16,12:26:10:021,-5.722276575
20160816_1226_0/1,32,4.302545384,113.3,60.3,16-08-16,12:26:10:194,-1.16095273
20160816_1226_1/12,68,5.406326023,63.3,39,16-08-16,12:26:12:194,-5.406326023
20160816_1226_1/13,85,5.306110017,55.2,53,16-08-16,12:26:12:707,-5.306110017
20160816_1226_1/14,22,1.164718231,61.2,112.4,16-08-16,12:26:14:087,-1.164718231
20160816_1226_1/15,77,5.737027836,60.3,40.5,16-08-16,12:26:15:120,-5.737027836
20160816_1226_1/16,78,5.635000764,53.6,57.6,16-08-16,12:26:15:517,-5.635000764
20160816_1226_1/17,72,5.627474554,56.9,59,16-08-16,12:26:15:574,-5.627474554
20160816_1226_1/18,41,4.891152913,63.2,40.7,16-08-16,12:26:17:797,-4.891152913
20160816_1226_1/19,28,4.814760729,62.8,105.7,16-08-16,12:26:18:079,-4.814760729
20160816_1226_1/20,79,5.185824267,63.1,57.6,16-08-16,12:26:18:629,-5.185824267
20160816_1226_0/3,56,3.967771208,102.8,61,16-08-16,12:26:18:776,-0.826178555
20160816_1226_1/22,57,5.56235468,66.3,42,16-08-16,12:26:20:011,-5.56235468
20160816_1226_0/5,28,5.128806181,43,36,16-08-16,12:26:20:011,-1.987213527
20160816_1226_1/21,31,4.074452256,110.5,74.5,16-08-16,12:26:20:163,-4.074452256
20160816_1226_1/23,64,5.431192273,56.7,61.7,16-08-16,12:26:21:250,-5.431192273
20160816_1226_1/25,45,5.143122548,59.6,108,16-08-16,12:26:22:564,-5.143122548
20160816_1226_1/26,56,5.252052644,65.7,39.7,16-08-16,12:26:22:581,-5.252052644
20160816_1226_1/30,71,5.374596897,57,72.4,16-08-16,12:26:24:179,-5.374596897
20160816_1226_1/28,24,5.045097467,60.1,110.9,16-08-16,12:26:24:459,-5.045097467
20160816_1226_1/31,40,5.702945426,62.3,40.5,16-08-16,12:26:25:495,-5.702945426
20160816_1226_1/34,23,5.551007503,62.9,112.4,16-08-16,12:26:26:174,-5.551007503
20160816_1226_1/33,23,5.551007503,62.9,112.4,16-08-16,12:26:26:174,-5.551007503
20160816_1226_1/35,45,5.477365514,65,41.5,16-08-16,12:26:27:636,-5.477365514
20160816_1226_1/36,31,5.746392889,56.8,74.3,16-08-16,12:26:28:260,-5.746392889
20160816_1226_1/37,40,5.242117001,66.5,40.8,16-08-16,12:26:30:299,-5.242117001
20160816_1226_1/38,71,5.335315993,58.2,73.3,16-08-16,12:26:30:706,-5.335315993
20160816_1226_1/39,68,5.604522223,85,75.8,16-08-16,12:26:32:395,-5.604522223
20160816_1226_1/40,67,5.601427499,86.3,74.2,16-08-16,12:26:32:411,-5.601427499
20160816_1226_1/41,67,2.459834846,86.3,74.2,16-08-16,12:26:32:411,-2.459834846
20160816_1226_1/42,26,2.120662303,65.7,46.4,16-08-16,12:26:33:520,-2.120662303
20160816_1226_1/43,61,5.272417883,90.3,74,16-08-16,12:26:35:450,-5.272417883
20160816_1226_1/44,42,5.74855537,64.8,49.3,16-08-16,12:26:36:036,-5.74855537
20160816_1226_0/7,30,3.962803788,62.8,25,16-08-16,12:26:36:453,-0.821211135
20160816_1226_1/46,75,5.570496682,82.5,72.3,16-08-16,12:26:38:048,-5.570496682
20160816_1226_1/47,32,5.264398325,63.8,50.6,16-08-16,12:26:38:674,-5.264398325
20160816_1226_1/48,85,5.558544134,78.5,75,16-08-16,12:26:40:576,-5.558544134
20160816_1226_1/50,66,5.591025032,62.6,57.6,16-08-16,12:26:41:252,-5.591025032
20160816_1226_1/52,36,5.501230745,82.6,74.4,16-08-16,12:26:45:391,-5.501230745
20160816_1226_1/54,44,6.20670024,56.2,81.8,16-08-16,12:26:46:830,-6.20670024
20160816_1226_1/55,26,1.280364466,95.8,86,16-08-16,12:26:48:238,-1.280364466
20160816_1226_1/56,73,5.365262369,79.8,76,16-08-16,12:26:49:688,-5.365262369
20160816_1226_1/59,45,4.76616973,71.5,111.3,16-08-16,12:26:53:552,-4.76616973
20160816_1226_1/61,24,4.581373743,70.6,109.4,16-08-16,12:26:59:020,-4.581373743
20160816_1227_1/1,27,4.401830699,69.5,107.5,16-08-16,12:27:01:490,-4.401830699
20160816_1227_1/3,28,3.680615817,69.5,110.3,16-08-16,12:27:02:931,-3.680615817
20160816_1227_1/4,28,4.386244885,74.2,103.6,16-08-16,12:27:04:347,-4.386244885
20160816_1227_1/5,39,4.202944073,72.2,99.2,16-08-16,12:27:05:938,-4.202944073
20160816_1227_1/6,31,0.837953894,93.8,94.3,16-08-16,12:27:06:540,-0.837953894
20160816_1227_1/7,30,0.791643557,94.6,95.7,16-08-16,12:27:06:556,-0.791643557
20160816_1227_1/9,34,0.597390712,89.5,90.5,16-08-16,12:27:08:377,-0.597390712
20160816_1227_1/10,68,5.393672233,71.1,56.8,16-08-16,12:27:08:539,-5.393672233
20160816_1227_1/11,22,1.769681146,58.5,101,16-08-16,12:27:09:716,-1.769681146
20160816_1227_1/13,72,5.629126025,68.2,58.8,16-08-16,12:27:10:910,-5.629126025
20160816_1227_1/12,36,4.590131496,76,101,16-08-16,12:27:11:119,-4.590131496
20160816_1227_1/14,70,5.07505214,69,58.8,16-08-16,12:27:12:813,-5.07505214
20160816_1227_0/3,54,4.289672899,94.3,60.8,16-08-16,12:27:12:860,-1.148080245
20160816_1227_1/15,75,5.468493558,70,45.4,16-08-16,12:27:14:856,-5.468493558
20160816_1227_1/16,41,5.676112418,67.6,66.2,16-08-16,12:27:15:364,-5.676112418
20160816_1227_1/17,35,1.238225472,93.8,101.3,16-08-16,12:27:16:392,-1.238225472
20160816_1227_1/18,49,0.003463246,47.8,23.8,16-08-16,12:27:17:100,-0.003463246
20160816_1227_1/19,71,5.02071126,66.6,64.8,16-08-16,12:27:17:488,-5.02071126
20160816_1227_1/20,71,5.02071126,66.6,64.8,16-08-16,12:27:17:488,-5.02071126
20160816_1227_1/21,68,5.019434869,68.7,65.2,16-08-16,12:27:17:519,-5.019434869
20160816_1227_0/5,51,0.175898638,36.8,27,16-08-16,12:27:19:519,2.965694016
20160816_1227_1/24,54,5.306026697,68,67.5,16-08-16,12:27:20:252,-5.306026697
20160816_1227_1/23,27,5.617572661,71.3,49.3,16-08-16,12:27:20:314,-5.617572661
20160816_1227_1/25,55,5.195172849,67,67.4,16-08-16,12:27:22:800,-5.195172849
20160816_1227_1/28,62,5.526044921,111.8,40.2,16-08-16,12:27:25:265,-5.526044921
20160816_1227_1/29,22,4.603293624,74.3,72,16-08-16,12:27:28:630,-4.603293624
20160816_1227_1/30,72,5.383077529,71,67.2,16-08-16,12:27:30:383,-5.383077529
20160816_1227_1/31,67,5.065023058,70.4,64.7,16-08-16,12:27:32:722,-5.065023058
20160816_1227_1/32,52,5.176231001,70.5,65,16-08-16,12:27:35:484,-5.176231001
20160816_1227_1/33,39,5.198282307,72.9,67.3,16-08-16,12:27:35:613,-5.198282307
20160816_1227_1/34,50,4.644790808,74.1,65.7,16-08-16,12:27:38:175,-4.644790808
20160816_1227_1/35,32,5.153069668,98.5,33.7,16-08-16,12:27:46:455,-5.153069668
20160816_1227_1/36,25,5.755062904,28,35.3,16-08-16,12:27:47:551,-5.755062904
20160816_1227_0/6,90,0.023603355,36.3,27.8,16-08-16,12:27:54:017,3.117989298
20160816_1227_0/7,40,6.071216906,36.5,27.5,16-08-16,12:27:59:957,-2.929624252
20160816_1228_1/3,29,5.538609814,81,61.8,16-08-16,12:28:16:290,-5.538609814
20160816_1228_1/4,73,5.129390006,68.5,63.9,16-08-16,12:28:36:413,-5.129390006
20160816_1228_0/3,116,4.661490441,75.7,63.8,16-08-16,12:28:38:219,-1.519897788
20160816_1228_0/4,113,4.649877479,75.4,65.6,16-08-16,12:28:38:244,-1.508284825
20160816_1228_1/5,23,5.541338012,66,65.3,16-08-16,12:28:38:921,-5.541338012
20160816_1228_0/5,109,5.05652519,78.3,66.3,16-08-16,12:28:41:150,-1.914932537
20160816_1228_1/6,85,5.439838825,80.7,56.7,16-08-16,12:28:43:878,-5.439838825
20160816_1228_1/7,82,5.430362797,80,58.3,16-08-16,12:28:43:894,-5.430362797
20160816_1228_0/6,49,4.612439283,77.8,72.2,16-08-16,12:28:44:747,-1.47084663
20160816_1228_1/8,46,5.695055315,67.3,67.8,16-08-16,12:28:45:354,-5.695055315
20160816_1228_1/9,36,5.65538279,65.5,70.5,16-08-16,12:28:45:452,-5.65538279
20160816_1228_1/10,36,5.075108748,67.7,71.8,16-08-16,12:28:47:694,-5.075108748
20160816_1228_1/11,49,5.364794326,68.2,75.8,16-08-16,12:28:49:728,-5.364794326
20160816_1229_1/0,22,5.923941832,74.8,37.8,16-08-16,12:29:09:514,-5.923941832
20160816_1229_1/2,31,4.789335705,75,30,16-08-16,12:29:15:082,-4.789335705
20160816_1229_1/4,120,5.146576085,58,72.5,16-08-16,12:29:27:969,-5.146576085
20160816_1229_1/5,34,5.543173374,64.8,78.8,16-08-16,12:29:31:586,-5.543173374
20160816_1229_1/6,33,5.52323725,66,79.6,16-08-16,12:29:31:602,-5.52323725
20160816_1229_1/7,39,5.212279157,67,71.4,16-08-16,12:29:33:616,-5.212279157
20160816_1229_1/8,38,5.223898321,68.4,71.2,16-08-16,12:29:33:616,-5.223898321
20160816_1229_1/9,95,4.95886531,60.7,71.5,16-08-16,12:29:36:580,-4.95886531
20160816_1229_1/10,25,5.002391801,58.8,72,16-08-16,12:29:39:616,-5.002391801
20160816_1229_1/11,27,5.388350912,57.3,70.4,16-08-16,12:29:42:275,-5.388350912
20160816_1229_1/12,50,5.122507198,60,76.8,16-08-16,12:29:42:696,-5.122507198
20160816_1229_1/13,24,5.099239263,62,72.9,16-08-16,12:29:45:009,-5.099239263
20160816_1229_1/14,33,4.283647136,76.8,38,16-08-16,12:29:49:026,-4.283647136
20160816_1229_0/1,32,6.24746082,107.9,22.4,16-08-16,12:29:49:764,-3.105868166
20160816_1229_1/15,58,5.078120943,74.1,73.7,16-08-16,12:29:56:389,-5.078120943
20160816_1229_1/16,57,5.098688045,75.2,72.5,16-08-16,12:29:56:389,-5.098688045
20160816_1230_1/0,71,5.437065795,80,42.2,16-08-16,12:30:00:162,-5.437065795
20160816_1230_0/0,23,5.710019631,51.8,30,16-08-16,12:30:03:942,-2.568426977
20160816_1230_1/6,61,0.564917914,115.5,85.5,16-08-16,12:30:16:463,-0.564917914
20160816_1230_1/7,58,3.676236743,117.9,86.1,16-08-16,12:30:16:497,-3.676236743
20160816_1230_1/5,24,5.466845671,75.8,77.3,16-08-16,12:30:16:761,-5.466845671
20160816_1230_1/8,29,5.604148446,82.8,61,16-08-16,12:30:18:894,-5.604148446
20160816_1230_1/11,24,1.477017161,90.3,59.8,16-08-16,12:30:23:971,-1.477017161
20160816_1230_0/6,32,2.548415986,34,58.6,16-08-16,12:30:28:260,0.593176668
20160816_1230_1/12,76,5.537756559,59,37.3,16-08-16,12:30:31:341,-5.537756559
20160816_1230_1/13,74,5.541231087,59.4,35.6,16-08-16,12:30:31:357,-5.541231087
20160816_1230_1/14,78,5.55127763,67.3,40.5,16-08-16,12:30:35:907,-5.55127763
20160816_1230_1/16,114,5.576100724,64.4,38.8,16-08-16,12:30:38:448,-5.576100724
20160816_1230_1/17,23,5.558220531,67,37.1,16-08-16,12:30:41:432,-5.558220531
20160816_1230_1/18,100,5.117334386,69.2,36.7,16-08-16,12:30:41:832,-5.117334386
20160816_1230_1/21,106,5.54644639,62,38.2,16-08-16,12:30:45:040,-5.54644639
20160816_1230_1/22,28,4.220004162,79.6,53.6,16-08-16,12:30:46:895,-4.220004162
20160816_1230_1/24,68,5.384808469,60.8,37,16-08-16,12:30:48:217,-5.384808469
20160816_1230_1/26,105,5.67896895,60.3,35.8,16-08-16,12:30:50:629,-5.67896895
20160816_1230_1/25,24,3.890493834,83.5,61.3,16-08-16,12:30:51:255,-3.890493834
20160816_1230_1/28,89,5.160741712,59,39,16-08-16,12:30:53:722,-5.160741712
20160816_1230_1/29,86,5.493977128,60.8,35.5,16-08-16,12:30:56:228,-5.493977128
20160816_1230_1/30,104,5.197883973,61,33,16-08-16,12:30:58:783,-5.197883973
20160816_1231_1/3,108,5.486241083,58.8,30.2,16-08-16,12:31:02:017,-5.486241083
20160816_1231_1/4,91,5.355200285,68,28.8,16-08-16,12:31:05:339,-5.355200285
20160816_1231_1/6,22,1.029030793,87.8,79.5,16-08-16,12:31:07:112,-1.029030793
20160816_1231_0/1,23,1.472720201,40,42.5,16-08-16,12:31:08:245,1.668872453
20160816_1231_1/8,45,4.350965788,87.2,68.2,16-08-16,12:31:10:286,-4.350965788
20160816_1231_1/9,31,4.407296906,84.3,69.2,16-08-16,12:31:10:417,-4.407296906
20160816_1231_1/11,54,4.850322389,78.3,70.8,16-08-16,12:31:16:092,-4.850322389
20160816_1231_1/12,30,5.034172809,80.8,77.2,16-08-16,12:31:19:771,-5.034172809
20160816_1231_1/13,27,3.987801911,89,77,16-08-16,12:31:20:946,-3.987801911
20160816_1231_1/16,38,2.295086832,50,80.3,16-08-16,12:31:26:856,-2.295086832
20160816_1231_1/17,24,4.110866823,75.4,73,16-08-16,12:31:28:345,-4.110866823
20160816_1231_1/20,77,5.554030837,65.3,56.8,16-08-16,12:31:33:736,-5.554030837
20160816_1231_1/19,25,4.76330987,77.4,71,16-08-16,12:31:33:860,-4.76330987
20160816_1231_1/23,30,0.892710949,66.5,75,16-08-16,12:31:35:136,-0.892710949
20160816_1231_1/24,67,5.120846345,61.8,52,16-08-16,12:31:36:770,-5.120846345
20160816_1231_0/12,44,2.677790812,67,40.8,16-08-16,12:31:38:745,0.463801841
20160816_1231_1/28,68,5.076917496,61.5,37.5,16-08-16,12:31:43:204,-5.076917496
20160816_1231_1/29,46,5.853382293,56.3,39,16-08-16,12:31:49:696,-5.853382293
20160816_1231_1/32,88,5.275128353,62,89.8,16-08-16,12:31:55:409,-5.275128353
20160816_1231_1/33,98,5.32363979,65.8,88.6,16-08-16,12:31:58:138,-5.32363979
20160816_1232_1/0,120,5.650949116,57.8,86.2,16-08-16,12:32:00:800,-5.650949116
20160816_1232_0/0,29,6.157237662,140.5,81,16-08-16,12:32:02:553,-3.015645009
20160816_1232_1/4,67,5.468022119,60.4,86.8,16-08-16,12:32:04:440,-5.468022119
20160816_1232_1/6,52,5.330017331,60,84.8,16-08-16,12:32:06:850,-5.330017331
20160816_1232_0/1,41,1.264047363,62.2,58.6,16-08-16,12:32:08:588,1.877545291
20160816_1232_0/2,30,1.284817185,61.9,57.1,16-08-16,12:32:08:703,1.856775468
20160816_1232_1/9,94,4.99610769,58.1,85.1,16-08-16,12:32:09:034,-4.99610769
20160816_1232_1/10,94,1.854515037,58.1,85.1,16-08-16,12:32:09:034,-1.854515037
20160816_1232_1/11,47,5.551677394,41.2,40,16-08-16,12:32:10:654,-5.551677394
20160816_1232_0/3,51,3.418554423,121.5,37.8,16-08-16,12:32:10:733,-0.27696177
20160816_1232_1/12,91,5.852195502,52.6,84.6,16-08-16,12:32:11:617,-5.852195502
20160816_1232_1/15,23,2.601852554,44.2,40,16-08-16,12:32:13:540,-2.601852554
20160816_1232_1/16,105,5.162537839,50.1,82,16-08-16,12:32:14:104,-5.162537839
20160816_1232_0/5,42,3.504457207,59.4,50.9,16-08-16,12:32:14:151,-0.362864554
20160816_1232_1/20,73,5.68366319,49.8,43.4,16-08-16,12:32:15:909,-5.68366319
20160816_1232_1/21,94,5.556690201,47,79.8,16-08-16,12:32:17:034,-5.556690201
20160816_1232_1/22,103,5.590312172,49.9,53.4,16-08-16,12:32:18:345,-5.590312172
20160816_1232_0/9,23,0.154125766,113.5,52.8,16-08-16,12:32:18:568,2.987466888
20160816_1232_1/23,70,4.998676076,46.4,81,16-08-16,12:32:19:944,-4.998676076
20160816_1232_1/24,37,5.21930784,62.7,57.6,16-08-16,12:32:21:252,-5.21930784
20160816_1232_0/10,43,5.345993385,59,58,16-08-16,12:32:21:954,-2.204400732
20160816_1232_1/25,44,6.235813914,122.7,90.6,16-08-16,12:32:23:554,-6.235813914
20160816_1232_1/26,44,4.472190017,55.3,59.8,16-08-16,12:32:24:010,-4.472190017
20160816_1232_1/28,81,1.050310947,40.8,82,16-08-16,12:32:25:548,-1.050310947
20160816_1232_0/11,30,0.037887474,119,85.8,16-08-16,12:32:25:787,3.10370518
20160816_1232_1/29,45,5.901194869,110.8,35.2,16-08-16,12:32:26:096,-5.901194869
20160816_1232_1/31,81,5.625557951,50.3,62,16-08-16,12:32:26:812,-5.625557951
20160816_1232_0/12,23,1.58147348,71,56.5,16-08-16,12:32:27:063,1.560119174
20160816_1232_1/34,66,5.146537678,59.8,60,16-08-16,12:32:29:130,-5.146537678
20160816_1232_1/37,101,5.991548624,54.5,91,16-08-16,12:32:31:365,-5.991548624
20160816_1232_1/36,53,5.50862445,55.8,61.9,16-08-16,12:32:31:607,-5.50862445
20160816_1232_1/38,71,5.111484663,62,58.6,16-08-16,12:32:34:007,-5.111484663
20160816_1232_1/40,63,5.132271865,57.2,88.4,16-08-16,12:32:34:248,-5.132271865
20160816_1232_1/41,49,1.271253469,49.9,73.8,16-08-16,12:32:34:602,-1.271253469
20160816_1232_1/43,48,5.571553416,61.9,60.6,16-08-16,12:32:36:529,-5.571553416
20160816_1232_1/42,30,1.004823388,49.5,72.5,16-08-16,12:32:36:620,-1.004823388
20160816_1232_1/44,55,5.841446493,58.9,90.2,16-08-16,12:32:36:899,-5.841446493
20160816_1232_1/45,51,5.85237661,58.2,91.8,16-08-16,12:32:36:935,-5.85237661
20160816_1232_1/48,51,5.055240206,61.6,59.8,16-08-16,12:32:38:939,-5.055240206
20160816_1232_1/50,88,5.513620249,56,85.6,16-08-16,12:32:39:749,-5.513620249
20160816_1232_1/51,74,5.599250852,60.8,62,16-08-16,12:32:41:129,-5.599250852
20160816_1232_1/52,30,4.8826843,84.5,40.7,16-08-16,12:32:41:738,-4.8826843
20160816_1232_1/53,85,5.419370504,57.6,80.6,16-08-16,12:32:42:561,-5.419370504
20160816_1232_1/54,81,5.415373693,58.8,81.3,16-08-16,12:32:42:597,-5.415373693
20160816_1232_1/55,86,4.993784742,66.3,60.3,16-08-16,12:32:43:791,-4.993784742
20160816_1232_1/56,32,5.148944466,82.3,42.3,16-08-16,12:32:44:347,-5.148944466
20160816_1232_1/57,106,5.030087103,54.5,83,16-08-16,12:32:45:378,-5.030087103
20160816_1232_1/58,29,5.464108344,76.3,45.5,16-08-16,12:32:46:208,-5.464108344
20160816_1232_1/59,31,2.570476349,64.8,64.4,16-08-16,12:32:46:933,-2.570476349
20160816_1232_1/60,28,4.58690096,76.5,47,16-08-16,12:32:47:434,-4.58690096
20160816_1232_1/63,90,5.472119795,52.8,82.8,16-08-16,12:32:47:643,-5.472119795
20160816_1232_1/61,38,4.34588801,68.2,73.3,16-08-16,12:32:48:017,-4.34588801
20160816_1232_1/62,35,1.247713414,68,74.8,16-08-16,12:32:48:048,-1.247713414
20160816_1232_1/65,50,2.555761997,70.8,66.3,16-08-16,12:32:49:450,-2.555761997
20160816_1232_1/66,27,2.793097938,70.8,76.3,16-08-16,12:32:49:925,-2.793097938
20160816_1232_1/67,85,4.853379914,44.8,82.3,16-08-16,12:32:50:884,-4.853379914
20160816_1232_1/71,94,5.663924332,45.1,83.3,16-08-16,12:32:53:107,-5.663924332
20160816_1232_1/70,30,5.919850724,69.8,71.3,16-08-16,12:32:53:352,-5.919850724
20160816_1232_0/15,33,0.736237548,118,85.4,16-08-16,12:32:53:428,2.405355105
20160816_1232_1/73,26,0.168975967,83.6,60.3,16-08-16,12:32:55:591,-0.168975967
20160816_1232_1/74,57,5.483674288,69.9,69,16-08-16,12:32:55:685,-5.483674288
20160816_1232_1/75,79,5.568883914,56,74.3,16-08-16,12:32:56:711,-5.568883914
20160816_1233_1/1,72,5.484797938,68,74.3,16-08-16,12:33:01:277,-5.484797938
20160816_1233_1/2,94,5.494695895,68,74.3,16-08-16,12:33:01:277,-5.494695895
20160816_1233_1/6,33,5.471733062,109.4,95,16-08-16,12:33:06:483,-5.471733062
20160816_1233_1/7,46,5.304914137,70,77.6,16-08-16,12:33:06:717,-5.304914137
20160816_1233_1/8,47,4.722041388,52,88.7,16-08-16,12:33:07:159,-4.722041388
20160816_1233_1/9,85,0.975065162,110.8,56.8,16-08-16,12:33:10:571,-0.975065162
20160816_1233_1/12,67,6.04086891,43.5,94.3,16-08-16,12:33:11:366,-6.04086891
20160816_1233_1/13,65,6.04006965,44.9,92.7,16-08-16,12:33:11:382,-6.04006965
20160816_1233_1/14,44,5.124017601,74.5,81.3,16-08-16,12:33:12:982,-5.124017601
20160816_1233_1/16,98,5.227944441,40.2,91.8,16-08-16,12:33:13:558,-5.227944441
20160816_1233_1/17,38,5.78012837,70.6,78.8,16-08-16,12:33:15:313,-5.78012837
20160816_1233_1/18,98,5.609998761,42,89.2,16-08-16,12:33:16:175,-5.609998761
20160816_1233_1/21,102,5.120505642,41.6,86,16-08-16,12:33:18:990,-5.120505642
20160816_1233_0/0,26,2.887190216,99.3,22.2,16-08-16,12:33:19:801,0.254402437
20160816_1233_1/22,62,5.806850004,71,78.3,16-08-16,12:33:20:966,-5.806850004
20160816_1233_1/23,27,5.793434656,58.8,54.2,16-08-16,12:33:21:399,-5.793434656
20160816_1233_1/24,85,5.660228414,45.5,82.5,16-08-16,12:33:21:446,-5.660228414
20160816_1233_1/25,26,5.325256765,64.2,52.4,16-08-16,12:33:23:541,-5.325256765
20160816_1233_1/26,89,5.271701617,35.8,79,16-08-16,12:33:24:256,-5.271701617
20160816_1233_1/29,28,5.512260096,66.3,54.3,16-08-16,12:33:25:517,-5.512260096
20160816_1233_1/30,27,2.371194661,68,54.1,16-08-16,12:33:25:532,-2.371194661
20160816_1233_1/31,102,5.563531921,35.3,77.3,16-08-16,12:33:26:610,-5.563531921
20160816_1233_1/33,36,5.185224485,66.8,50.8,16-08-16,12:33:27:420,-5.185224485
20160816_1233_1/34,36,5.833616376,56.2,46.6,16-08-16,12:33:28:924,-5.833616376
20160816_1233_1/36,71,5.443972196,38.3,79.8,16-08-16,12:33:29:286,-5.443972196
20160816_1233_0/2,23,3.586633538,96,51.3,16-08-16,12:33:30:143,-0.445040884
20160816_1233_1/37,30,5.854536688,112,103,16-08-16,12:33:30:416,-5.854536688
20160816_1233_1/39,64,4.95291668,49.1,70.9,16-08-16,12:33:32:640,-4.95291668
20160816_1233_1/40,30,3.307923084,103.3,59,16-08-16,12:33:33:914,-3.307923084
20160816_1233_1/41,101,5.47826129,42,69,16-08-16,12:33:35:263,-5.47826129
20160816_1233_1/42,133,5.517248083,42.8,70,16-08-16,12:33:37:631,-5.517248083
20160816_1233_1/43,128,5.519138937,44.3,69.8,16-08-16,12:33:37:678,-5.519138937
20160816_1233_1/44,28,1.208251919,78.5,53.8,16-08-16,12:33:40:224,-1.208251919
20160816_1233_1/46,73,5.451306323,44.3,74.8,16-08-16,12:33:40:696,-5.451306323
20160816_1233_1/47,70,5.450476787,44.3,73.3,16-08-16,12:33:40:711,-5.450476787
20160816_1233_0/3,40,0.495462413,120.5,74.5,16-08-16,12:33:40:923,2.646130241
20160816_1233_1/48,115,5.016390454,40.6,70.5,16-08-16,12:33:42:888,-5.016390454
20160816_1233_0/4,90,4.274506198,124,72,16-08-16,12:33:43:064,-1.132913544
20160816_1233_1/52,87,5.739013336,42.4,75.6,16-08-16,12:33:45:651,-5.739013336
20160816_1233_1/53,93,5.018186516,44.5,70.3,16-08-16,12:33:48:272,-5.018186516
20160816_1233_1/54,102,5.168796359,72.5,76.5,16-08-16,12:33:50:225,-5.168796359
20160816_1233_0/5,61,2.818053048,92.3,80.3,16-08-16,12:33:50:480,0.323539606
20160816_1233_1/55,22,0.066621693,38,27.5,16-08-16,12:33:51:937,-0.066621693
20160816_1233_1/56,76,5.526248338,76,79.8,16-08-16,12:33:52:722,-5.526248338
20160816_1233_1/57,75,5.532124256,74.3,81.1,16-08-16,12:33:52:738,-5.532124256
20160816_1233_1/58,77,5.082136091,74.2,80.6,16-08-16,12:33:54:932,-5.082136091
20160816_1233_0/6,32,0.245198698,138.5,38.3,16-08-16,12:33:55:221,2.896393955
20160816_1233_1/59,69,5.279146964,75.8,88.5,16-08-16,12:33:58:045,-5.279146964
20160816_1234_1/0,61,5.240230737,73,86.7,16-08-16,12:34:00:609,-5.240230737
20160816_1234_1/1,59,5.493887853,84.1,84,16-08-16,12:34:03:563,-5.493887853
20160816_1234_1/2,24,0.283635515,86.4,32.9,16-08-16,12:34:04:804,-0.283635515
20160816_1234_1/5,27,0.719085582,85.5,34.7,16-08-16,12:34:09:538,-0.719085582
20160816_1234_1/6,45,5.087926916,69.3,95.8,16-08-16,12:34:13:427,-5.087926916
20160816_1234_1/7,51,5.279263005,66.8,100.6,16-08-16,12:34:13:877,-5.279263005
20160816_1234_1/12,23,1.600458733,97.3,47,16-08-16,12:34:23:897,-1.600458733
20160816_1234_1/13,38,5.811845868,63.7,57.5,16-08-16,12:34:24:554,-5.811845868
20160816_1234_1/14,38,2.670253215,63.7,57.5,16-08-16,12:34:24:554,-2.670253215
20160816_1234_1/16,58,5.205891113,97.6,81.4,16-08-16,12:34:25:117,-5.205891113
20160816_1234_1/18,68,5.2577124,103.5,74,16-08-16,12:34:27:475,-5.2577124
20160816_1234_1/19,59,5.164856302,53,59.8,16-08-16,12:34:28:791,-5.164856302
20160816_1234_0/1,38,3.108230657,106.5,58.5,16-08-16,12:34:28:958,0.033361997
20160816_1234_1/21,96,5.422593061,96.5,72.6,16-08-16,12:34:29:925,-5.422593061
20160816_1234_1/23,81,5.661453814,97.4,70.8,16-08-16,12:34:32:685,-5.661453814
20160816_1234_1/24,67,5.629073398,97.8,74.5,16-08-16,12:34:34:760,-5.629073398
20160816_1234_1/25,73,5.236246611,96.8,77.5,16-08-16,12:34:36:915,-5.236246611
20160816_1234_1/26,28,5.59037935,95.5,83.3,16-08-16,12:34:39:353,-5.59037935
20160816_1234_1/27,28,5.527283608,98,84.4,16-08-16,12:34:39:799,-5.527283608
20160816_1234_1/28,36,1.232055857,92.2,44.8,16-08-16,12:34:41:746,-1.232055857
20160816_1234_1/29,33,1.238368635,93.5,46,16-08-16,12:34:41:782,-1.238368635
20160816_1234_1/30,66,5.209546012,70.7,53.1,16-08-16,12:34:42:455,-5.209546012
20160816_1234_1/31,23,0.718033087,90.4,43.8,16-08-16,12:34:44:095,-0.718033087
20160816_1234_1/33,32,1.159349414,96.2,43.6,16-08-16,12:34:45:639,-1.159349414
20160816_1234_1/34,38,5.407232384,74.2,50.8,16-08-16,12:34:45:702,-5.407232384
20160816_1234_1/35,85,5.762396473,71.4,50,16-08-16,12:34:47:851,-5.762396473
20160816_1234_1/36,80,5.759337229,71.3,46.8,16-08-16,12:34:47:902,-5.759337229
20160816_1234_1/37,111,4.702834641,68.2,48.8,16-08-16,12:34:50:341,-4.702834641
20160816_1234_0/5,27,1.374058793,92.5,52.5,16-08-16,12:34:50:773,1.76753386
20160816_1234_1/39,33,1.191024973,89.8,54.5,16-08-16,12:34:52:961,-1.191024973
20160816_1234_1/40,28,1.154988907,89.8,51.8,16-08-16,12:34:59:112,-1.154988907
20160816_1234_1/41,25,1.152474691,88.2,52.6,16-08-16,12:34:59:140,-1.152474691
20160816_1235_1/1,27,4.198909447,91.3,45.5,16-08-16,12:35:02:142,-4.198909447
20160816_1235_1/6,32,5.334547257,94.9,35.4,16-08-16,12:35:07:676,-5.334547257
20160816_1235_1/7,30,0.691757521,91.3,42.8,16-08-16,12:35:09:616,-0.691757521
20160816_1235_1/8,22,3.374664209,130,111,16-08-16,12:35:09:817,-3.374664209
20160816_1235_1/9,23,0.824340311,91.3,34.3,16-08-16,12:35:17:131,-0.824340311
20160816_1235_0/16,32,4.142819432,33.8,67,16-08-16,12:35:20:014,-1.001226779
20160816_1235_1/10,40,0.082486637,37.5,88.8,16-08-16,12:35:27:707,-0.082486637
20160816_1235_1/12,26,0.954837227,82.4,52,16-08-16,12:35:34:908,-0.954837227
20160816_1235_0/25,46,0.056803045,59,75.3,16-08-16,12:35:39:398,3.084789609
20160816_1235_1/13,22,1.170720195,81.5,42,16-08-16,12:35:46:099,-1.170720195
20160816_1235_1/14,42,2.793008309,47.2,31.4,16-08-16,12:35:47:709,-2.793008309
20160816_1235_0/37,56,5.493930752,102.8,23.8,16-08-16,12:35:56:115,-2.352338099
20160816_1235_0/40,56,5.275829837,100.8,25,16-08-16,12:35:58:931,-2.134237183
20160816_1236_0/1,60,5.112314059,99,31.1,16-08-16,12:36:01:741,-1.970721405
20160816_1236_0/2,36,3.609487996,73,94.5,16-08-16,12:36:02:642,-0.467895343
20160816_1236_1/3,35,3.491708529,56.8,46.3,16-08-16,12:36:04:315,-3.491708529
20160816_1236_0/3,25,5.323185307,98,31.4,16-08-16,12:36:04:329,-2.181592653
20160816_1236_0/6,77,5.848750373,93,38.7,16-08-16,12:36:07:163,-2.70715772
20160816_1236_0/7,56,5.696517633,78.4,96.8,16-08-16,12:36:07:462,-2.554924979
20160816_1236_0/8,56,5.696517633,78.4,96.8,16-08-16,12:36:07:462,-2.554924979
20160816_1236_0/13,49,5.748895924,61.2,77.5,16-08-16,12:36:11:047,-2.607303271
20160816_1236_1/6,41,5.711999247,91.3,49.5,16-08-16,12:36:25:338,-5.711999247
20160816_1236_0/19,34,4.454537143,41.3,57.5,16-08-16,12:36:25:770,-1.312944489
20160816_1236_1/8,58,5.417770144,96,43,16-08-16,12:36:28:027,-5.417770144
20160816_1236_1/9,27,5.778999137,86,52.1,16-08-16,12:36:31:197,-5.778999137
20160816_1236_1/10,30,6.147934053,91.8,56,16-08-16,12:36:34:894,-6.147934053
20160816_1236_1/11,66,5.270109724,78.4,71.8,16-08-16,12:36:39:809,-5.270109724
20160816_1236_1/13,126,5.62671846,68.3,70.8,16-08-16,12:36:42:451,-5.62671846
20160816_1236_1/14,121,5.617134134,66.7,70.6,16-08-16,12:36:42:510,-5.617134134
20160816_1236_1/15,23,2.852585139,74.6,76.6,16-08-16,12:36:43:462,-2.852585139
20160816_1236_1/17,35,5.099093719,76,69.8,16-08-16,12:36:45:056,-5.099093719
20160816_1236_0/26,42,3.504519441,92.3,73,16-08-16,12:36:45:293,-0.362926788
20160816_1236_0/27,28,3.160601916,91.6,74.4,16-08-16,12:36:45:433,-0.019009263
20160816_1236_1/18,25,5.240159186,76.5,72.5,16-08-16,12:36:45:641,-5.240159186
20160816_1236_1/19,74,5.687888014,69.3,71.5,16-08-16,12:36:47:726,-5.687888014
20160816_1236_1/20,33,5.230565824,70.8,64.8,16-08-16,12:36:50:214,-5.230565824
20160816_1236_1/22,78,5.503254428,71.2,63.2,16-08-16,12:36:52:797,-5.503254428
20160816_1236_1/23,26,6.11146632,71.1,94.3,16-08-16,12:36:54:306,-6.11146632
20160816_1236_1/24,48,5.086145832,68,67,16-08-16,12:36:55:298,-5.086145832
20160816_1236_1/25,26,5.817487962,53.5,61.6,16-08-16,12:36:57:272,-5.817487962
20160816_1236_1/26,69,5.582375738,65.7,63.3,16-08-16,12:36:57:639,-5.582375738
20160816_1237_1/0,34,5.322657208,72,72.8,16-08-16,12:37:01:056,-5.322657208
20160816_1237_1/2,101,5.547784508,60.5,59.5,16-08-16,12:37:02:610,-5.547784508
20160816_1237_1/3,94,5.147423499,67.5,55.5,16-08-16,12:37:05:378,-5.147423499
20160816_1237_1/4,90,5.493488319,65.1,57.2,16-08-16,12:37:08:084,-5.493488319
20160816_1237_1/6,56,5.269336595,67,57.8,16-08-16,12:37:10:645,-5.269336595
20160816_1237_1/7,87,5.549639573,67.8,58.6,16-08-16,12:37:13:408,-5.549639573
20160816_1237_1/10,43,5.52888192,69,58.8,16-08-16,12:37:16:297,-5.52888192
20160816_1237_1/11,41,5.547229596,70.8,57.3,16-08-16,12:37:16:313,-5.547229596
20160816_1237_0/12,35,4.755610488,46.8,41,16-08-16,12:37:19:121,-1.614017834
20160816_1237_1/12,45,5.588520029,70.5,55.8,16-08-16,12:37:19:167,-5.588520029
20160816_1237_1/13,57,5.591287376,68.6,57,16-08-16,12:37:21:806,-5.591287376
20160816_1237_1/15,98,5.368916761,66.1,53.7,16-08-16,12:37:24:539,-5.368916761
20160816_1237_1/16,98,2.227324107,66.1,53.7,16-08-16,12:37:24:539,-2.227324107
20160816_1237_1/14,41,4.054768426,125.6,110,16-08-16,12:37:24:711,-4.054768426
20160816_1237_1/17,50,5.762693409,107.5,73.3,16-08-16,12:37:33:533,-5.762693409
20160816_1237_1/18,48,5.77078148,107,74.8,16-08-16,12:37:33:553,-5.77078148
20160816_1237_0/17,105,2.94303057,54.2,42.3,16-08-16,12:37:34:992,0.198562083
20160816_1237_1/19,22,1.258771733,58.6,31.2,16-08-16,12:37:43:838,-1.258771733
20160816_1237_1/20,72,5.206302091,62.5,30,16-08-16,12:37:45:462,-5.206302091
20160816_1237_1/21,63,5.776248975,111,77,16-08-16,12:37:46:587,-5.776248975
20160816_1238_1/11,95,5.323418168,67.2,66.5,16-08-16,12:38:14:193,-5.323418168
20160816_1238_0/1,25,0.817665593,92.8,72,16-08-16,12:38:14:911,2.32392706
20160816_1238_1/12,98,5.375160423,74.2,71.7,16-08-16,12:38:17:316,-5.375160423
20160816_1238_1/13,59,5.194596202,72.6,71,16-08-16,12:38:20:377,-5.194596202
20160816_1238_1/14,56,5.198332421,75.2,69.3,16-08-16,12:38:20:403,-5.198332421
20160816_1238_1/15,68,5.534496856,73.7,70.1,16-08-16,12:38:22:679,-5.534496856
20160816_1238_1/18,30,6.280269217,30.7,52.3,16-08-16,12:38:40:742,-6.280269217
20160816_1238_1/19,22,4.768735094,78.6,87.8,16-08-16,12:38:42:150,-4.768735094
20160816_1238_1/21,70,5.59388857,104.5,64.3,16-08-16,12:38:43:249,-5.59388857
20160816_1238_1/25,51,0.042344626,125,95.3,16-08-16,12:38:45:850,-0.042344626
20160816_1238_1/27,61,5.670949904,103.4,66.2,16-08-16,12:38:47:343,-5.670949904
20160816_1238_1/29,44,4.613412147,73.9,82.6,16-08-16,12:38:48:589,-4.613412147
20160816_1238_1/30,63,5.179239417,105.1,65.3,16-08-16,12:38:50:002,-5.179239417
20160816_1238_1/31,25,5.619168648,94.3,79.5,16-08-16,12:38:50:389,-5.619168648
20160816_1238_1/32,24,4.175329569,77.8,89.3,16-08-16,12:38:51:002,-4.175329569
20160816_1238_0/3,22,3.561170985,135.5,7,16-08-16,12:38:56:871,-0.419578331
20160816_1239_1/3,25,4.513259374,87.4,92.3,16-08-16,12:39:04:927,-4.513259374
20160816_1239_0/0,73,5.081340165,65.6,39,16-08-16,12:39:05:297,-1.939747511
20160816_1239_0/1,69,5.109393724,68.3,39,16-08-16,12:39:05:333,-1.96780107
20160816_1239_0/2,128,5.144645665,68.9,38.4,16-08-16,12:39:08:515,-2.003053011
20160816_1239_0/3,76,5.261630922,65,43.5,16-08-16,12:39:12:128,-2.120038269
20160816_1239_0/5,105,5.439900666,68.2,48.8,16-08-16,12:39:15:435,-2.298308012
20160816_1239_1/4,30,5.093212355,92.2,103,16-08-16,12:39:16:220,-5.093212355
20160816_1239_1/5,50,5.235309821,90,57,16-08-16,12:39:17:125,-5.235309821
20160816_1239_1/6,24,4.982078296,84.5,101.8,16-08-16,12:39:18:566,-4.982078296
20160816_1239_0/6,101,5.130998031,69,50.8,16-08-16,12:39:19:064,-1.989405377
20160816_1239_1/7,33,4.630664624,94.5,99.5,16-08-16,12:39:20:787,-4.630664624
20160816_1239_1/8,31,5.156114653,67.3,76,16-08-16,12:39:21:557,-5.156114653
20160816_1239_0/7,81,5.071976988,70.3,51.8,16-08-16,12:39:22:487,-1.930384334
20160816_1239_1/9,23,4.79370646,92.4,85.8,16-08-16,12:39:23:255,-4.79370646
20160816_1239_1/10,109,5.645493978,84.6,101.4,16-08-16,12:39:25:117,-5.645493978
20160816_1239_0/8,101,4.938918921,71.3,51,16-08-16,12:39:25:816,-1.797326267
20160816_1239_1/11,56,5.172271165,97.8,102,16-08-16,12:39:28:174,-5.172271165
20160816_1239_0/9,63,5.138249334,73,55.8,16-08-16,12:39:29:379,-1.99665668
20160816_1239_1/12,73,5.087720499,94.8,98.3,16-08-16,12:39:30:521,-5.087720499
20160816_1239_1/13,53,5.527903316,93.3,101,16-08-16,12:39:33:195,-5.527903316
20160816_1239_1/14,63,5.592180331,95.6,96.2,16-08-16,12:39:37:250,-5.592180331
20160816_1239_0/10,52,0.052129274,103.5,21.6,16-08-16,12:39:52:156,3.08946338
20160816_1240_1/13,38,4.044037415,29.7,30.5,16-08-16,12:40:34:190,-4.044037415
20160816_1240_1/17,92,0.119885481,93.6,98.2,16-08-16,12:40:42:315,-0.119885481
20160816_1240_1/19,24,6.201973711,107,35,16-08-16,12:40:48:237,-6.201973711
20160816_1241_1/0,73,6.086361989,79,102.8,16-08-16,12:41:00:055,-6.086361989
20160816_1241_0/0,36,2.234439286,79.5,39,16-08-16,12:41:00:644,0.907153367
20160816_1241_1/1,105,6.093490805,87,112,16-08-16,12:41:03:781,-6.093490805
20160816_1241_1/2,94,5.921837908,89.3,110.2,16-08-16,12:41:08:200,-5.921837908
20160816_1241_0/1,50,3.237205496,107.1,21.9,16-08-16,12:41:16:791,-0.095612843
20160816_1241_1/4,38,5.621567388,61.8,44.7,16-08-16,12:41:23:034,-5.621567388
20160816_1241_1/5,60,5.542666561,67,46.2,16-08-16,12:41:23:653,-5.542666561
20160816_1241_1/6,37,5.532638328,68,44.7,16-08-16,12:41:27:551,-5.532638328
20160816_1241_1/9,70,5.843458669,66.9,38.7,16-08-16,12:41:30:284,-5.843458669
20160816_1241_1/8,25,0.987226909,100.6,100.6,16-08-16,12:41:30:524,-0.987226909
20160816_1241_0/2,43,3.208989046,99.3,43,16-08-16,12:41:30:555,-0.067396392
20160816_1241_1/10,41,1.541057857,102.8,99.3,16-08-16,12:41:32:872,-1.541057857
20160816_1241_1/11,31,1.086895657,104,99.5,16-08-16,12:41:36:026,-1.086895657
20160816_1241_1/12,51,1.623011182,100.4,98,16-08-16,12:41:38:528,-1.623011182
20160816_1241_1/13,67,5.424992189,51.8,55.4,16-08-16,12:41:40:167,-5.424992189
20160816_1241_0/3,35,3.659602037,110,52.5,16-08-16,12:41:40:210,-0.518009383
20160816_1241_1/14,43,0.964569641,99.5,96.5,16-08-16,12:41:41:048,-0.964569641
20160816_1241_1/15,76,5.725670521,55.2,46.8,16-08-16,12:41:42:392,-5.725670521
20160816_1241_1/18,76,5.269951655,54.3,45.3,16-08-16,12:41:44:751,-5.269951655
20160816_1241_1/17,22,4.319151941,80.8,59,16-08-16,12:41:45:228,-4.319151941
20160816_1241_1/19,79,5.284771765,55.3,44.7,16-08-16,12:41:47:228,-5.284771765
20160816_1241_1/20,73,5.507250389,54.8,52.3,16-08-16,12:41:49:741,-5.507250389
20160816_1241_1/21,30,0.537967241,120.5,108,16-08-16,12:41:50:446,-0.537967241
20160816_1241_1/22,64,5.650587889,48,46.5,16-08-16,12:41:53:049,-5.650587889
20160816_1241_1/24,68,5.489504344,51.7,45.7,16-08-16,12:41:55:513,-5.489504344
20160816_1241_0/4,61,3.440944977,116,48.5,16-08-16,12:41:55:564,-0.299352324
20160816_1241_1/27,35,5.564097556,59,45.9,16-08-16,12:41:58:820,-5.564097556
20160816_1242_0/0,28,2.916784711,78.8,92,16-08-16,12:42:38:363,0.224807943
20160816_1242_1/23,42,4.298908463,69.8,103.8,16-08-16,12:42:48:741,-4.298908463
20160816_1242_1/24,56,5.832845618,104.6,76,16-08-16,12:42:49:913,-5.832845618
20160816_1242_1/26,69,5.423739729,146.8,92,16-08-16,12:42:50:070,-5.423739729
20160816_1242_1/29,28,4.594978739,84.3,65.8,16-08-16,12:42:55:253,-4.594978739
20160816_1243_1/4,66,4.948452798,84.8,97.6,16-08-16,12:43:37:307,-4.948452798
20160816_1243_1/5,42,3.094218314,25.2,19.6,16-08-16,12:43:37:886,-3.094218314
20160816_1243_1/7,31,3.552586339,93.8,83,16-08-16,12:43:39:075,-3.552586339
20160816_1243_1/13,56,1.803620269,105.3,83.5,16-08-16,12:43:49:190,-1.803620269
20160816_1243_1/14,25,3.043312893,23.4,19.8,16-08-16,12:43:51:395,-3.043312893
20160816_1243_1/15,24,0.165116568,40.4,19.3,16-08-16,12:43:51:527,-0.165116568
20160816_1243_1/16,29,0.382876555,102.5,79.5,16-08-16,12:43:52:156,-0.382876555
20160816_1243_1/17,49,4.725506209,106.8,79.3,16-08-16,12:43:54:535,-4.725506209
20160816_1243_1/21,22,1.465293937,108.2,79.8,16-08-16,12:43:58:305,-1.465293937
20160816_1244_1/1,36,0.923445919,55.5,39,16-08-16,12:44:01:089,-0.923445919
20160816_1244_1/0,30,4.716961039,104.6,82.6,16-08-16,12:44:01:104,-4.716961039
20160816_1244_1/2,24,5.506857908,62.5,37.5,16-08-16,12:44:01:731,-5.506857908
20160816_1244_1/9,25,4.637339522,62.6,38,16-08-16,12:44:12:840,-4.637339522
20160816_1244_1/10,27,4.553303756,65.9,38.1,16-08-16,12:44:18:534,-4.553303756
20160816_1244_1/12,30,5.638641731,61.1,36.7,16-08-16,12:44:21:331,-5.638641731
20160816_1244_1/13,35,1.024266628,97.3,81,16-08-16,12:44:23:226,-1.024266628
20160816_1244_1/14,25,1.092706434,96.8,79.4,16-08-16,12:44:23:319,-1.092706434
20160816_1244_1/15,32,5.57257665,62,41.3,16-08-16,12:44:30:432,-5.57257665
20160816_1244_1/17,36,1.557900931,105.4,80.2,16-08-16,12:44:43:926,-1.557900931
20160816_1244_1/19,42,4.285492571,58.9,43.5,16-08-16,12:44:54:690,-4.285492571
20160816_1245_1/0,39,4.977221307,60.5,37,16-08-16,12:45:01:422,-4.977221307
20160816_1245_1/1,36,4.567341469,60.3,36.5,16-08-16,12:45:03:278,-4.567341469
20160816_1245_1/2,25,4.346318973,66.5,42.8,16-08-16,12:45:08:366,-4.346318973
20160816_1245_1/3,28,5.142020009,62.7,43.3,16-08-16,12:45:11:667,-5.142020009
20160816_1245_1/5,35,4.722031656,62.2,43.8,16-08-16,12:45:12:991,-4.722031656
20160816_1245_1/6,44,4.775754267,60.1,40,16-08-16,12:45:18:267,-4.775754267
20160816_1245_1/7,39,4.796794394,62.5,41.2,16-08-16,12:45:18:314,-4.796794394
20160816_1245_1/8,22,4.996738057,55.8,41,16-08-16,12:45:20:254,-4.996738057
20160816_1245_1/10,33,5.926770137,89,69.2,16-08-16,12:45:34:621,-5.926770137
20160816_1245_1/11,32,4.807154862,92.5,65,16-08-16,12:45:42:503,-4.807154862
20160816_1245_1/16,25,4.32367257,89.7,72.3,16-08-16,12:45:57:099,-4.32367257
20160816_1246_1/0,30,4.121310181,96.6,78.4,16-08-16,12:46:10:889,-4.121310181
20160816_1246_1/2,23,4.673212282,90,68.8,16-08-16,12:46:18:759,-4.673212282
20160816_1246_1/3,26,0.200956091,110,113.3,16-08-16,12:46:23:816,-0.200956091
20160816_1246_0/1,38,0.334001761,39.8,33.8,16-08-16,12:46:36:978,2.807590892
20160816_1246_1/10,31,1.582781489,88,75.8,16-08-16,12:46:40:980,-1.582781489
20160816_1246_1/13,31,5.447130838,83,65.5,16-08-16,12:46:48:664,-5.447130838
20160816_1246_1/14,45,4.245203474,88.3,63.8,16-08-16,12:46:49:891,-4.245203474
20160816_1246_1/16,40,5.183776416,81.3,67.7,16-08-16,12:46:55:720,-5.183776416
20160816_1246_1/17,22,4.077602702,82.6,67.2,16-08-16,12:46:57:568,-4.077602702
20160816_1246_1/21,28,1.326349496,59,63,16-08-16,12:46:59:066,-1.326349496
20160816_1246_1/22,22,4.602204802,58.4,65.1,16-08-16,12:46:59:451,-4.602204802
20160816_1247_0/2,71,3.370202091,52,63.6,16-08-16,12:47:09:493,-0.228609437
20160816_1247_0/16,48,5.533635078,101.3,84.3,16-08-16,12:47:35:001,-2.392042424
20160816_1247_0/17,26,2.378124044,101.9,87.3,16-08-16,12:47:35:230,0.76346861
20160816_1247_0/18,28,2.372474127,101.9,87.3,16-08-16,12:47:35:230,0.769118527
20160816_1247_0/22,127,2.018467974,50.4,70.2,16-08-16,12:47:41:111,1.12312468
20160816_1247_0/23,121,2.022687863,49.2,69.4,16-08-16,12:47:41:159,1.118904791
20160816_1247_1/3,38,0.029564878,30,115.8,16-08-16,12:47:58:741,-0.029564878
20160816_1248_0/1,36,2.640317614,50,77,16-08-16,12:48:01:827,0.50127504
20160816_1248_0/16,40,0.598442354,60.3,61.3,16-08-16,12:48:35:757,2.543150299
20160816_1249_1/8,25,0.007689445,99.7,39.8,16-08-16,12:49:29:475,-0.007689445
20160816_1249_1/9,24,5.648643854,93.4,48.6,16-08-16,12:49:33:309,-5.648643854
20160816_1249_1/10,32,2.844308581,105.5,77,16-08-16,12:49:35:086,-2.844308581
20160816_1249_1/11,32,6.145317445,104.2,74.7,16-08-16,12:49:35:697,-6.145317445
20160816_1249_1/19,53,5.125477037,86.8,102.4,16-08-16,12:49:54:961,-5.125477037
20160816_1250_1/0,24,3.952890698,84.8,60.2,16-08-16,12:50:13:007,-3.952890698
20160816_1250_1/3,54,4.887421126,89,92,16-08-16,12:50:39:968,-4.887421126
20160816_1250_0/4,32,4.914702642,71,93.3,16-08-16,12:50:40:918,-1.773109988
20160816_1250_1/4,31,4.148303071,93.4,103.6,16-08-16,12:50:43:441,-4.148303071
20160816_1250_1/5,22,5.199029455,92.5,97.5,16-08-16,12:50:48:970,-5.199029455
20160816_1250_1/7,35,4.020927383,92.8,94,16-08-16,12:50:50:144,-4.020927383
20160816_1250_1/8,32,4.023340359,93.8,95.2,16-08-16,12:50:50:175,-4.023340359
20160816_1250_1/9,22,4.017511249,91.4,96.2,16-08-16,12:50:50:269,-4.017511249
20160816_1250_1/11,63,4.751855841,83.2,99.6,16-08-16,12:50:53:050,-4.751855841
20160816_1250_1/13,24,4.691567899,77.6,99,16-08-16,12:50:55:064,-4.691567899
20160816_1250_1/14,26,4.511585256,84.8,95.8,16-08-16,12:50:58:910,-4.511585256
20160816_1251_1/5,32,4.318019002,89.3,102.2,16-08-16,12:51:18:668,-4.318019002
20160816_1251_1/6,22,1.190212581,92.7,98.5,16-08-16,12:51:23:425,-1.190212581
20160816_1251_1/8,29,5.971165621,79.8,111,16-08-16,12:51:27:449,-5.971165621
20160816_1251_1/9,43,5.297247228,81.5,97.2,16-08-16,12:51:33:269,-5.297247228
20160816_1251_1/10,33,4.703848626,85.5,94.7,16-08-16,12:51:35:286,-4.703848626
20160816_1251_1/11,23,4.629353514,86.8,97.1,16-08-16,12:51:44:033,-4.629353514
20160816_1251_1/12,40,4.289207739,84.5,100,16-08-16,12:51:45:424,-4.289207739
20160816_1251_1/13,26,4.414619231,87.8,99.8,16-08-16,12:51:47:204,-4.414619231
20160816_1251_1/14,37,4.469886416,81.1,97.7,16-08-16,12:51:52:735,-4.469886416
20160816_1251_0/28,42,1.650305866,7.2,107,16-08-16,12:51:54:363,1.491286787
20160816_1251_1/15,35,5.021912514,75.2,93.6,16-08-16,12:51:58:294,-5.021912514
20160816_1252_1/0,23,4.158370254,76.6,108,16-08-16,12:52:06:880,-4.158370254
20160816_1252_0/6,56,5.448828857,78.8,46.3,16-08-16,12:52:07:970,-2.307236203
20160816_1252_1/1,25,4.514279427,82.2,96.8,16-08-16,12:52:08:833,-4.514279427
20160816_1252_0/9,60,5.299565278,73.2,43.8,16-08-16,12:52:11:784,-2.157972625
20160816_1252_0/10,61,5.377749059,78.8,45.8,16-08-16,12:52:15:127,-2.236156406
20160816_1252_0/12,59,5.641009136,82.5,47.4,16-08-16,12:52:18:145,-2.499416482
20160816_1252_1/2,24,4.676020608,94.8,98,16-08-16,12:52:20:547,-4.676020608
20160816_1252_0/16,79,5.563146548,86.4,45.4,16-08-16,12:52:21:246,-2.421553894
20160816_1252_0/19,94,5.069913575,87.3,44.2,16-08-16,12:52:24:316,-1.928320921
20160816_1252_1/3,51,5.081077541,85,88.6,16-08-16,12:52:25:513,-5.081077541
20160816_1252_0/23,81,5.470672858,87.9,48.3,16-08-16,12:52:27:831,-2.329080205
20160816_1252_0/25,29,4.605409705,49.8,45.3,16-08-16,12:52:29:286,-1.463817052
20160816_1252_1/4,25,4.950743117,86.3,94.5,16-08-16,12:52:29:769,-4.950743117
20160816_1252_0/28,48,4.740332393,87,48.8,16-08-16,12:52:31:977,-1.598739739
20160816_1252_0/31,97,5.43616137,82.8,50,16-08-16,12:52:34:670,-2.294568716
20160816_1253_1/4,38,4.398848365,126.5,107.3,16-08-16,12:53:10:440,-4.398848365
20160816_1253_1/10,33,4.47280322,114.3,74.7,16-08-16,12:53:18:470,-4.47280322
20160816_1253_1/13,30,0.038595233,115.9,83.4,16-08-16,12:53:30:735,-0.038595233
20160816_1253_1/16,30,1.475263994,118.4,104.8,16-08-16,12:53:36:598,-1.475263994
20160816_1253_1/17,34,0.153743635,49.9,83.6,16-08-16,12:53:43:272,-0.153743635
20160816_1253_1/20,26,3.500039891,99.9,42.7,16-08-16,12:53:51:315,-3.500039891
20160816_1253_1/21,35,1.05392985,57.7,41.2,16-08-16,12:53:58:647,-1.05392985
20160816_1254_1/2,24,1.046139795,63.4,101.8,16-08-16,12:54:22:506,-1.046139795
20160816_1254_1/3,22,0.172964617,47.3,20.8,16-08-16,12:54:32:814,-0.172964617
20160816_1255_1/1,110,2.790671134,98.2,53.2,16-08-16,12:55:00:786,-2.790671134
20160816_1255_1/3,67,2.561526205,113.3,59.8,16-08-16,12:55:04:316,-2.561526205
20160816_1255_1/8,33,1.899143847,113.3,54.6,16-08-16,12:55:13:018,-1.899143847
20160816_1255_1/12,86,0.133544892,80.8,74.3,16-08-16,12:55:15:866,-0.133544892
20160816_1255_0/1,24,3.69199872,38.8,57.5,16-08-16,12:55:25:587,-0.550406067
20160816_1255_0/8,38,3.346187241,67.4,104,16-08-16,12:55:57:116,-0.204594588
20160816_1255_1/16,81,1.530441688,62,39.3,16-08-16,12:55:59:441,-1.530441688
20160816_1256_1/0,52,0.743111854,100.5,79.8,16-08-16,12:56:11:867,-0.743111854
20160816_1256_0/0,24,0.903300286,10.3,79.8,16-08-16,12:56:15:881,2.238292367
20160816_1256_1/1,47,1.333454222,91.8,71.5,16-08-16,12:56:25:067,-1.333454222
20160816_1256_1/2,35,1.249564906,93.3,69.3,16-08-16,12:56:26:783,-1.249564906
20160816_1256_1/3,32,1.467761346,91.8,68.6,16-08-16,12:56:32:521,-1.467761346
20160816_1256_1/4,96,3.342741808,96.5,92.3,16-08-16,12:56:36:995,-3.342741808
20160816_1256_0/11,45,3.488812065,77.8,72.5,16-08-16,12:56:40:192,-0.347219412
20160816_1256_1/5,30,4.181987462,95,97.3,16-08-16,12:56:40:372,-4.181987462
20160816_1256_0/14,90,3.410183778,76,71.4,16-08-16,12:56:45:762,-0.268591124
20160816_1256_0/24,102,3.331724862,66.3,73.4,16-08-16,12:56:59:147,-0.190132209
20160816_1257_1/0,69,0.10200615,98.3,62.9,16-08-16,12:57:03:811,-0.10200615
20160816_1257_1/1,112,0.108404129,68.8,87.3,16-08-16,12:57:15:414,-0.108404129
20160816_1257_1/2,62,5.767597096,73.6,59.2,16-08-16,12:57:25:446,-5.767597096
20160816_1257_1/3,62,1.2220944,79.5,67.5,16-08-16,12:57:28:263,-1.2220944
20160816_1257_1/6,51,0.253314454,72.4,65.4,16-08-16,12:57:31:756,-0.253314454
20160816_1257_1/7,31,1.538529413,73.6,111.6,16-08-16,12:57:32:686,-1.538529413
20160816_1257_1/9,58,0.803139884,75.8,65.3,16-08-16,12:57:34:673,-0.803139884
20160816_1257_1/11,42,0.803539837,86.1,104.6,16-08-16,12:57:35:027,-0.803539837
20160816_1257_1/10,43,0.788173017,84.8,105.3,16-08-16,12:57:35:027,-0.788173017
20160816_1257_1/14,55,0.287557247,75.9,66.7,16-08-16,12:57:37:613,-0.287557247
20160816_1257_1/16,25,1.057944337,91.7,105.3,16-08-16,12:57:39:068,-1.057944337
20160816_1257_1/18,25,1.44381922,87.8,100.8,16-08-16,12:57:41:012,-1.44381922
20160816_1257_1/19,51,0.228657961,77.3,60,16-08-16,12:57:41:643,-0.228657961
20160816_1257_1/20,41,4.295770096,115.5,96.3,16-08-16,12:57:45:734,-4.295770096
20160816_1257_1/22,96,0.540216365,75.3,67,16-08-16,12:57:48:686,-0.540216365
20160816_1257_1/25,63,0.282011053,89.2,56.2,16-08-16,12:57:56:174,-0.282011053
20160816_1257_1/26,49,0.277014738,86,55,16-08-16,12:57:56:311,-0.277014738
20160816_1257_1/27,38,0.287575113,90.5,54,16-08-16,12:57:56:417,-0.287575113
20160816_1257_1/28,80,6.18115706,84,59,16-08-16,12:57:59:051,-6.18115706
20160816_1258_1/0,74,0.563726539,83.3,57.3,16-08-16,12:58:02:186,-0.563726539
20160816_1258_1/1,45,6.040812205,83.1,65.7,16-08-16,12:58:07:412,-6.040812205
20160816_1258_1/2,37,5.024788844,85.5,29,16-08-16,12:58:21:089,-5.024788844
20160816_1258_1/3,32,5.508193595,91.3,29.5,16-08-16,12:58:26:596,-5.508193595
20160816_1258_1/5,64,5.921953548,90.8,64.8,16-08-16,12:58:44:024,-5.921953548
20160816_1258_1/4,22,4.648242186,105.4,32,16-08-16,12:58:44:153,-4.648242186
20160816_1258_1/6,54,5.495764388,87.8,67.5,16-08-16,12:58:46:976,-5.495764388
20160816_1258_1/8,31,5.576117697,89.5,68,16-08-16,12:58:50:156,-5.576117697
20160816_1259_1/7,63,6.058350407,91.8,106.3,16-08-16,12:59:59:689,-6.058350407
20160816_1259_1/8,43,6.05135155,95.4,107.8,16-08-16,12:59:59:888,-6.05135155