 clusterID,  [WRuns  keys] 
1,20160816_1523_0/25,20160816_1523_0/32
10,20160816_1525_0/3
100,20160816_1442_0/2
101,20160816_1443_0/0
102,20160816_1445_0/1
103,20160816_1444_0/11,20160816_1444_0/8
104,20160816_1444_0/0,20160816_1443_0/10,20160816_1444_0/1
105,20160816_1444_0/4,20160816_1444_0/6
106,20160816_1443_0/6
107,20160816_1443_0/1
108,20160816_1459_0/6,20160816_1500_0/1
109,20160816_1500_0/7
11,20160816_1525_0/2
110,20160816_1457_0/4
111,20160816_1458_0/7
112,20160816_1456_0/0
113,20160816_1456_0/14
114,20160816_1456_0/5
115,20160816_1457_0/14
116,20160816_1456_0/1
117,20160816_1453_0/17
118,20160816_1450_0/5
119,20160816_1449_0/11
12,20160816_1524_0/27,20160816_1524_0/26
120,20160816_1449_0/6
121,20160816_1452_0/9,20160816_1453_0/0
122,20160816_1453_0/8
123,20160816_1454_0/12,20160816_1454_0/10
124,20160816_1453_0/9,20160816_1453_0/10
125,20160816_1454_0/4
126,20160816_1454_0/11
127,20160816_1452_0/1
128,20160816_1647_0/1,20160816_1647_0/2,20160816_1648_0/1,20160816_1648_0/3,20160816_1647_0/4,20160816_1648_0/0,20160816_1647_0/3,20160816_1648_0/2
129,20160816_1652_0/0,20160816_1652_0/3,20160816_1652_0/4,20160816_1652_0/1,20160816_1652_0/2
13,20160816_1524_0/11
130,20160816_1651_0/0
131,20160816_1655_0/2,20160816_1655_0/1
132,20160816_1656_0/2
133,20160816_1653_0/1
134,20160816_1656_0/0
135,20160816_1644_0/0,20160816_1644_0/1
136,20160816_1643_0/0
137,20160816_1640_0/0,20160816_1640_0/3
138,20160816_1640_0/8,20160816_1640_0/1,20160816_1640_0/7,20160816_1641_0/0,20160816_1640_0/4,20160816_1640_0/6
139,20160816_1639_0/0
14,20160816_1525_0/0
140,20160816_1641_0/2
141,20160816_1637_0/0
142,20160816_1638_0/0
143,20160816_1642_0/0
144,20160816_1636_0/1,20160816_1635_0/5
145,20160816_1634_0/1,20160816_1634_0/2
146,20160816_1634_0/5,20160816_1634_0/4,20160816_1634_0/9
147,20160816_1636_0/2
148,20160816_1634_0/0
149,20160816_1635_0/2
15,20160816_1523_0/22
150,20160816_1557_0/11,20160816_1557_0/18,20160816_1557_0/13,20160816_1557_0/10
151,20160816_1557_0/24,20160816_1558_0/7,20160816_1557_0/23
152,20160816_1559_0/9,20160816_1559_0/12
153,20160816_1558_0/14
154,20160816_1558_0/3
155,20160816_1557_0/4
156,20160816_1602_0/0
157,20160816_1602_0/2
158,20160816_1601_0/3
159,20160816_1603_0/5
16,20160816_1532_0/14,20160816_1532_0/15
160,20160816_1603_0/8
161,20160816_1605_0/17
162,20160816_1603_0/9
163,20160816_1556_0/24,20160816_1556_0/23
164,20160816_1556_0/26
165,20160816_1555_0/26,20160816_1555_0/19,20160816_1555_0/21
166,20160816_1556_0/12,20160816_1556_0/10
167,20160816_1556_0/9
168,20160816_1556_0/2,20160816_1556_0/3,20160816_1555_0/27
169,20160816_1556_0/7,20160816_1555_0/20,20160816_1555_0/22
17,20160816_1529_0/5,20160816_1528_0/11,20160816_1529_0/1,20160816_1528_0/12,20160816_1528_0/10,20160816_1529_0/3,20160816_1529_0/4
170,20160816_1551_0/8
171,20160816_1550_0/24
172,20160816_1551_0/15,20160816_1551_0/12,20160816_1551_0/14
173,20160816_1552_0/3
174,20160816_1551_0/1,20160816_1551_0/5,20160816_1551_0/7,20160816_1551_0/0
175,20160816_1550_0/34,20160816_1550_0/27,20160816_1550_0/7,20160816_1550_0/5,20160816_1550_0/8
176,20160816_1550_0/26,20160816_1550_0/21,20160816_1550_0/17
177,20160816_1549_0/9
178,20160816_1554_0/10,20160816_1554_0/8
179,20160816_1554_0/0,20160816_1554_0/4,20160816_1554_0/3,20160816_1554_0/2
18,20160816_1528_0/9,20160816_1528_0/13,20160816_1528_0/14
180,20160816_1554_0/13
181,20160816_1554_0/18
182,20160816_1555_0/3,20160816_1554_0/15,20160816_1554_0/14,20160816_1555_0/5
183,20160816_1554_0/19
184,20160816_1555_0/12
185,20160816_1553_0/6,20160816_1553_0/4,20160816_1553_0/7,20160816_1553_0/3
186,20160816_1554_0/17,20160816_1554_0/16
187,20160816_1555_0/18
188,20160816_1550_0/19,20160816_1550_0/18
189,20160816_1549_0/7
19,20160816_1527_0/2
190,20160816_1552_0/6,20160816_1552_0/7
191,20160816_1551_0/17,20160816_1551_0/22
192,20160816_1551_0/23
193,20160816_1551_0/19
194,20160816_1551_0/10,20160816_1550_0/29,20160816_1551_0/9
195,20160816_1551_0/24,20160816_1552_0/2,20160816_1551_0/25
196,20160816_1551_0/16
197,20160816_1620_0/10
198,20160816_1622_0/3
199,20160816_1624_0/1,20160816_1624_0/0
2,20160816_1523_0/28,20160816_1523_0/31
20,20160816_1527_0/0
200,20160816_1623_0/1
201,20160816_1625_0/8
202,20160816_1622_0/5
203,20160816_1621_0/9
204,20160816_1620_0/12,20160816_1620_0/11,20160816_1620_0/8
205,20160816_1620_0/2,20160816_1620_0/0,20160816_1620_0/1
206,20160816_1620_0/5,20160816_1620_0/3,20160816_1620_0/4
207,20160816_1621_0/0
208,20160816_1619_0/4
209,20160816_1623_0/3
21,20160816_1528_0/6,20160816_1528_0/7,20160816_1528_0/3
210,20160816_1629_0/1,20160816_1629_0/2
211,20160816_1631_0/0
212,20160816_1624_0/3,20160816_1624_0/2,20160816_1624_0/4
213,20160816_1625_0/9
214,20160816_1625_0/3,20160816_1625_0/2,20160816_1625_0/1
215,20160816_1625_0/4,20160816_1625_0/6,20160816_1625_0/5
216,20160816_1625_0/0
217,20160816_1609_0/4
218,20160816_1608_0/9
219,20160816_1609_0/0
22,20160816_1528_0/4,20160816_1528_0/1,20160816_1528_0/0
220,20160816_1606_0/21,20160816_1606_0/25
221,20160816_1605_0/19
222,20160816_1607_0/6
223,20160816_1608_0/10,20160816_1608_0/4,20160816_1608_0/7,20160816_1608_0/0,20160816_1608_0/5,20160816_1608_0/2,20160816_1608_0/3,20160816_1608_0/1,20160816_1607_0/7,20160816_1608_0/8,20160816_1608_0/6
224,20160816_1607_0/2
225,20160816_1607_0/1
226,20160816_1610_0/3,20160816_1609_0/27,20160816_1610_0/2,20160816_1609_0/24,20160816_1609_0/26,20160816_1610_0/4,20160816_1610_0/0,20160816_1610_0/1
227,20160816_1609_0/7
228,20160816_1611_0/3
229,20160816_1609_0/19,20160816_1609_0/16,20160816_1609_0/15
23,20160816_1527_0/5,20160816_1527_0/3,20160816_1527_0/4
230,20160816_1608_0/11,20160816_1609_0/8
231,20160816_1608_0/12
232,20160816_1607_0/5
233,20160816_1610_0/7,20160816_1610_0/6
234,20160816_1609_0/21
235,20160816_1616_0/0,20160816_1616_0/2
236,20160816_1612_0/39,20160816_1613_0/0
237,20160816_1612_0/27,20160816_1612_0/33,20160816_1612_0/28
238,20160816_1612_0/11,20160816_1612_0/12
239,20160816_1612_0/22,20160816_1612_0/14
24,20160816_1526_0/5
240,20160816_1612_0/6,20160816_1612_0/19
241,20160816_1611_0/12,20160816_1612_0/23
242,20160816_1611_0/2
243,20160816_1613_0/3,20160816_1613_0/2
244,20160816_1613_0/5
245,20160816_1614_0/1
246,20160816_1615_0/11,20160816_1615_0/0
247,20160816_1615_0/6
248,20160816_1617_0/7
249,20160816_1617_0/4
25,20160816_1526_0/6
250,20160816_1616_0/3
251,20160816_1619_0/1
252,20160816_1618_0/1
253,20160816_1616_0/6,20160816_1616_0/5,20160816_1616_0/7
254,20160816_1616_0/8
255,20160816_1319_0/2,20160816_1319_0/1
256,20160816_1319_0/11,20160816_1319_0/13
257,20160816_1319_0/3,20160816_1319_0/8,20160816_1319_0/6,20160816_1319_0/10,20160816_1319_0/9,20160816_1319_0/5
258,20160816_1315_0/6
259,20160816_1317_0/2
26,20160816_1527_0/7,20160816_1527_0/8
260,20160816_1317_0/0
261,20160816_1324_0/2
262,20160816_1323_0/5
263,20160816_1323_0/2
264,20160816_1325_0/0,20160816_1325_0/2
265,20160816_1323_0/4,20160816_1323_0/3
266,20160816_1324_0/0
267,20160816_1321_0/4,20160816_1321_0/2
268,20160816_1322_0/2,20160816_1322_0/1
269,20160816_1320_0/0
27,20160816_1527_0/6
270,20160816_1312_0/6,20160816_1313_0/7
271,20160816_1309_0/0
272,20160816_1313_0/8
273,20160816_1313_0/11
274,20160816_1312_0/10
275,20160816_1311_0/0
276,20160816_1310_0/0
277,20160816_1307_0/1
278,20160816_1305_0/3
279,20160816_1305_0/4
28,20160816_1526_0/3,20160816_1526_0/2
280,20160816_1303_0/0
281,20160816_1300_0/0
282,20160816_1342_0/5,20160816_1342_0/0,20160816_1342_0/3,20160816_1342_0/4,20160816_1342_0/2
283,20160816_1343_0/3,20160816_1343_0/0,20160816_1343_0/1
284,20160816_1343_0/6,20160816_1343_0/2,20160816_1343_0/4,20160816_1343_0/5,20160816_1343_0/7
285,20160816_1345_0/1,20160816_1345_0/0
286,20160816_1345_0/2
287,20160816_1341_0/9,20160816_1341_0/5,20160816_1341_0/2,20160816_1341_0/8,20160816_1341_0/0,20160816_1341_0/6,20160816_1341_0/7,20160816_1341_0/1,20160816_1341_0/3,20160816_1341_0/4,20160816_1341_0/10
288,20160816_1342_0/1
289,20160816_1339_0/2
29,20160816_1526_0/1,20160816_1526_0/0
290,20160816_1328_0/6,20160816_1328_0/13,20160816_1328_0/11,20160816_1328_0/3,20160816_1328_0/1,20160816_1328_0/7,20160816_1328_0/10,20160816_1328_0/4,20160816_1328_0/12,20160816_1328_0/9,20160816_1328_0/2,20160816_1328_0/5,20160816_1328_0/15,20160816_1328_0/14
291,20160816_1327_0/5,20160816_1327_0/8,20160816_1327_0/15,20160816_1327_0/13,20160816_1327_0/3,20160816_1327_0/14,20160816_1327_0/7,20160816_1327_0/18,20160816_1327_0/6,20160816_1327_0/16,20160816_1327_0/11,20160816_1327_0/17,20160816_1327_0/4,20160816_1327_0/10
292,20160816_1327_0/9
293,20160816_1327_0/12
294,20160816_1328_0/0
295,20160816_1327_0/1
296,20160816_1336_0/5,20160816_1336_0/11,20160816_1336_0/4
297,20160816_1335_0/3,20160816_1335_0/0,20160816_1335_0/2,20160816_1336_0/0,20160816_1335_0/1
298,20160816_1331_0/8,20160816_1331_0/6,20160816_1331_0/5,20160816_1331_0/12,20160816_1331_0/7
299,20160816_1330_0/4
3,20160816_1524_0/8,20160816_1524_0/3,20160816_1524_0/10
30,20160816_1526_0/7,20160816_1527_0/1
300,20160816_1333_0/10
301,20160816_1333_0/8,20160816_1332_0/0,20160816_1333_0/2,20160816_1333_0/0,20160816_1333_0/1
302,20160816_1333_0/3,20160816_1333_0/5,20160816_1333_0/12,20160816_1333_0/13,20160816_1333_0/7,20160816_1333_0/14,20160816_1333_0/15,20160816_1333_0/11,20160816_1333_0/16,20160816_1333_0/6
303,20160816_1334_0/0
304,20160816_1421_0/3,20160816_1421_0/4
305,20160816_1422_0/8,20160816_1422_0/11
306,20160816_1422_0/6,20160816_1422_0/3
307,20160816_1423_0/8
308,20160816_1424_0/2
309,20160816_1423_0/0,20160816_1423_0/2
31,20160816_1529_0/2,20160816_1529_0/0
310,20160816_1421_0/1
311,20160816_1425_0/10,20160816_1425_0/9
312,20160816_1425_0/1
313,20160816_1423_0/1
314,20160816_1428_0/0
315,20160816_1424_0/0,20160816_1423_0/3,20160816_1423_0/4,20160816_1423_0/5,20160816_1423_0/6
316,20160816_1421_0/0
317,20160816_1419_0/3
318,20160816_1433_0/0,20160816_1433_0/3
319,20160816_1432_0/0
32,20160816_1527_0/14,20160816_1527_0/12
320,20160816_1431_0/0
321,20160816_1431_0/3
322,20160816_1435_0/0,20160816_1434_0/2,20160816_1434_0/3,20160816_1434_0/1,20160816_1435_0/1
323,20160816_1435_0/11,20160816_1435_0/8,20160816_1435_0/9,20160816_1435_0/10
324,20160816_1435_0/3,20160816_1435_0/6,20160816_1435_0/7,20160816_1435_0/4,20160816_1435_0/2,20160816_1435_0/5
325,20160816_1437_0/0
326,20160816_1433_0/4
327,20160816_1435_0/13
328,20160816_1427_0/2,20160816_1427_0/4,20160816_1427_0/5,20160816_1427_0/3
329,20160816_1427_0/1
33,20160816_1527_0/9
330,20160816_1427_0/0
331,20160816_1428_0/4,20160816_1428_0/5,20160816_1428_0/3
332,20160816_1428_0/1
333,20160816_1426_0/1
334,20160816_1430_0/7,20160816_1430_0/6
335,20160816_1430_0/3,20160816_1430_0/8,20160816_1430_0/5,20160816_1430_0/9,20160816_1430_0/4,20160816_1430_0/13,20160816_1430_0/2,20160816_1430_0/17,20160816_1430_0/14,20160816_1430_0/0
336,20160816_1430_0/12,20160816_1430_0/11,20160816_1430_0/16
337,20160816_1430_0/19
338,20160816_1431_0/2
339,20160816_1429_0/3,20160816_1429_0/2
34,20160816_1527_0/15
340,20160816_1429_0/1
341,20160816_1430_0/1
342,20160816_1429_0/4
343,20160816_1413_0/5,20160816_1413_0/4
344,20160816_1413_0/1
345,20160816_1413_0/3
346,20160816_1413_0/2
347,20160816_1415_0/3
348,20160816_1414_0/1
349,20160816_1414_0/6
35,20160816_1529_0/15,20160816_1529_0/14
350,20160816_1416_0/2
351,20160816_1416_0/1
352,20160816_1415_0/7
353,20160816_1416_0/6
354,20160816_1418_0/0
355,20160816_1418_0/3
356,20160816_1418_0/5
357,20160816_1417_0/0
358,20160816_1409_0/18,20160816_1409_0/15,20160816_1409_0/23,20160816_1409_0/20,20160816_1409_0/19,20160816_1409_0/16
359,20160816_1415_0/0,20160816_1415_0/6
36,20160816_1529_0/16
360,20160816_1414_0/5
361,20160816_1416_0/4
362,20160816_1405_0/3
363,20160816_1404_0/5
364,20160816_1406_0/5
365,20160816_1406_0/7
366,20160816_1404_0/8,20160816_1405_0/0,20160816_1404_0/9
367,20160816_1404_0/1
368,20160816_1409_0/14
369,20160816_1409_0/9
37,20160816_1529_0/6
370,20160816_1410_0/5
371,20160816_1408_0/11
372,20160816_1410_0/3
373,20160816_1409_0/1,20160816_1409_0/2,20160816_1409_0/4,20160816_1408_0/10,20160816_1409_0/7,20160816_1409_0/3
374,20160816_1409_0/11
375,20160816_1406_0/0
376,20160816_1405_0/13
377,20160816_1408_0/4,20160816_1408_0/5
378,20160816_1408_0/18,20160816_1408_0/21
379,20160816_1401_0/3,20160816_1401_0/0,20160816_1401_0/4,20160816_1401_0/1
38,20160816_1529_0/19,20160816_1529_0/9,20160816_1529_0/8,20160816_1529_0/17,20160816_1529_0/18
380,20160816_1402_0/4,20160816_1401_0/8,20160816_1401_0/12,20160816_1402_0/0,20160816_1401_0/6,20160816_1401_0/20,20160816_1402_0/7,20160816_1401_0/18,20160816_1401_0/13,20160816_1401_0/14,20160816_1402_0/5,20160816_1401_0/10,20160816_1401_0/17,20160816_1401_0/9,20160816_1401_0/5,20160816_1401_0/16,20160816_1402_0/1,20160816_1401_0/15
381,20160816_1359_0/2,20160816_1359_0/1,20160816_1359_0/0
382,20160816_1402_0/6,20160816_1402_0/3
383,20160816_1403_0/0
384,20160816_1401_0/19
385,20160816_1359_0/3
386,20160816_1400_0/0
387,20160816_1352_0/6,20160816_1352_0/7,20160816_1352_0/2,20160816_1352_0/10,20160816_1352_0/4,20160816_1352_0/9,20160816_1352_0/3,20160816_1352_0/5
388,20160816_1351_0/3,20160816_1351_0/2,20160816_1351_0/4
389,20160816_1349_0/2,20160816_1349_0/1
39,20160816_1531_0/4
390,20160816_1350_0/3
391,20160816_1354_0/4,20160816_1354_0/8,20160816_1354_0/6,20160816_1354_0/3,20160816_1354_0/5,20160816_1354_0/7,20160816_1354_0/2
392,20160816_1355_0/3,20160816_1355_0/2,20160816_1356_0/2,20160816_1355_0/1
393,20160816_1355_0/0
394,20160816_1250_0/4
395,20160816_1251_0/28
396,20160816_1247_0/18,20160816_1247_0/16,20160816_1247_0/17
397,20160816_1247_0/23,20160816_1247_0/22,20160816_1248_0/1
398,20160816_1247_0/2
399,20160816_1248_0/16
4,20160816_1523_0/40,20160816_1523_0/38,20160816_1524_0/0,20160816_1523_0/36
40,20160816_1534_0/13,20160816_1534_0/12
400,20160816_1246_0/1
401,20160816_1252_0/6,20160816_1252_0/10,20160816_1252_0/9
402,20160816_1252_0/19,20160816_1252_0/16,20160816_1252_0/23,20160816_1252_0/28,20160816_1252_0/12,20160816_1252_0/31
403,20160816_1252_0/25
404,20160816_1256_0/0
405,20160816_1255_0/1
406,20160816_1256_0/24,20160816_1256_0/14,20160816_1256_0/11
407,20160816_1255_0/8
408,20160816_1217_0/8,20160816_1217_0/10
409,20160816_1217_0/19
41,20160816_1535_0/2
410,20160816_1220_0/2
411,20160816_1215_0/11,20160816_1215_0/12
412,20160816_1214_0/18
413,20160816_1211_0/1
414,20160816_1214_0/1
415,20160816_1223_0/0,20160816_1223_0/1
416,20160816_1222_0/0,20160816_1222_0/1,20160816_1221_0/0
417,20160816_1220_0/1
418,20160816_1218_0/0
419,20160816_1217_0/13
42,20160816_1533_0/24,20160816_1533_0/25
420,20160816_1218_0/1
421,20160816_1219_0/1
422,20160816_1216_0/3
423,20160816_1241_0/4,20160816_1241_0/3
424,20160816_1241_0/2
425,20160816_1241_0/1
426,20160816_1239_0/10
427,20160816_1241_0/0
428,20160816_1238_0/3
429,20160816_1239_0/3,20160816_1239_0/0,20160816_1239_0/2,20160816_1239_0/1
43,20160816_1532_0/7
430,20160816_1239_0/8,20160816_1239_0/6,20160816_1239_0/5,20160816_1239_0/7,20160816_1239_0/9
431,20160816_1242_0/0
432,20160816_1235_0/40,20160816_1235_0/37
433,20160816_1236_0/6,20160816_1236_0/3,20160816_1236_0/1
434,20160816_1236_0/2,20160816_1236_0/8,20160816_1236_0/7
435,20160816_1236_0/27,20160816_1236_0/26
436,20160816_1238_0/1
437,20160816_1237_0/17,20160816_1237_0/12
438,20160816_1235_0/25,20160816_1236_0/13
439,20160816_1235_0/16
44,20160816_1532_0/3
440,20160816_1236_0/19
441,20160816_1227_0/6,20160816_1227_0/5,20160816_1227_0/7
442,20160816_1226_0/5
443,20160816_1226_0/7
444,20160816_1225_0/8,20160816_1225_0/14,20160816_1225_0/5
445,20160816_1223_0/3
446,20160816_1228_0/5,20160816_1228_0/6,20160816_1228_0/3,20160816_1228_0/4
447,20160816_1226_0/3,20160816_1226_0/1
448,20160816_1227_0/3
449,20160816_1226_0/0
45,20160816_1537_0/10,20160816_1537_0/13,20160816_1537_0/11,20160816_1537_0/9
450,20160816_1232_0/1,20160816_1232_0/5,20160816_1232_0/10,20160816_1232_0/2,20160816_1232_0/12
451,20160816_1231_0/12
452,20160816_1230_0/6
453,20160816_1231_0/1
454,20160816_1230_0/0
455,20160816_1232_0/3
456,20160816_1232_0/9
457,20160816_1233_0/6
458,20160816_1233_0/0
459,20160816_1229_0/1
46,20160816_1538_0/2
460,20160816_1234_0/5
461,20160816_1234_0/1
462,20160816_1233_0/2
463,20160816_1233_0/5
464,20160816_1233_0/4,20160816_1233_0/3
465,20160816_1232_0/11,20160816_1232_0/15
466,20160816_1232_0/0
467,20160816_1127_0/0,20160816_1127_0/1
468,20160816_1126_0/0,20160816_1126_0/1
469,20160816_1125_0/0
47,20160816_1536_0/18,20160816_1537_0/7,20160816_1537_0/8,20160816_1536_0/17,20160816_1537_0/1,20160816_1536_0/16
470,20160816_1120_0/0,20160816_1119_0/0
471,20160816_1121_0/6
472,20160816_1121_0/7,20160816_1121_0/4
473,20160816_1122_0/1
474,20160816_1121_0/2,20160816_1121_0/1,20160816_1121_0/3
475,20160816_1120_0/2,20160816_1120_0/1,20160816_1121_0/0
476,20160816_1118_0/1,20160816_1118_0/0
477,20160816_1116_0/0
478,20160816_1117_0/0
479,20160816_1102_0/0
48,20160816_1536_0/10
480,20160816_1102_0/1
481,20160816_1103_0/6
482,20160816_1103_0/9
483,20160816_1104_0/1
484,20160816_1100_0/1
485,20160816_1108_0/2,20160816_1108_0/3
486,20160816_1112_0/1,20160816_1112_0/4,20160816_1112_0/2,20160816_1112_0/8
487,20160816_1106_0/11
488,20160816_1107_0/0
489,20160816_1109_0/6
49,20160816_1533_0/11,20160816_1533_0/10
490,20160816_1108_0/4
491,20160816_1108_0/0
492,20160816_1105_0/0
493,20160816_1112_0/6,20160816_1112_0/5
494,20160816_1112_0/9,20160816_1112_0/7
495,20160816_1113_0/0,20160816_1112_0/10
496,20160816_1110_0/10,20160816_1110_0/11
497,20160816_1110_0/4,20160816_1110_0/5
498,20160816_1110_0/7
499,20160816_1110_0/2
5,20160816_1519_0/17,20160816_1519_0/15
50,20160816_1533_0/3
500,20160816_1110_0/0
501,20160816_1111_0/5,20160816_1111_0/6,20160816_1111_0/2,20160816_1111_0/4,20160816_1111_0/7,20160816_1111_0/3,20160816_1111_0/1
502,20160816_1111_0/0
503,20160816_1113_0/1
504,20160816_1145_0/7
505,20160816_1146_0/3
506,20160816_1146_0/1,20160816_1146_0/4,20160816_1146_0/0
507,20160816_1144_0/0,20160816_1145_0/3,20160816_1145_0/4,20160816_1144_0/2,20160816_1144_0/3,20160816_1144_0/4,20160816_1144_0/5,20160816_1144_0/1,20160816_1145_0/1,20160816_1145_0/2
508,20160816_1145_0/5
509,20160816_1142_0/0,20160816_1142_0/1
51,20160816_1533_0/40
510,20160816_1143_0/0
511,20160816_1138_0/1
512,20160816_1139_0/5,20160816_1139_0/6
513,20160816_1140_0/7
514,20160816_1138_0/0
515,20160816_1140_0/3,20160816_1140_0/5,20160816_1140_0/6,20160816_1140_0/2
516,20160816_1139_0/15,20160816_1140_0/0,20160816_1140_0/1
517,20160816_1139_0/13,20160816_1139_0/9,20160816_1139_0/7,20160816_1139_0/10,20160816_1139_0/4,20160816_1139_0/11,20160816_1139_0/14,20160816_1139_0/12
518,20160816_1139_0/1
519,20160816_1139_0/0
52,20160816_1533_0/19
520,20160816_1135_0/0
521,20160816_1157_0/1,20160816_1157_0/0
522,20160816_1154_0/7
523,20160816_1157_0/2,20160816_1158_0/0
524,20160816_1159_0/2
525,20160816_1159_0/4
526,20160816_1149_0/0,20160816_1150_0/3,20160816_1150_0/2
527,20160816_1150_0/0
528,20160816_1150_0/1
529,20160816_1154_0/2,20160816_1154_0/5,20160816_1154_0/6,20160816_1154_0/9,20160816_1154_0/10,20160816_1154_0/8,20160816_1154_0/1
53,20160816_1532_0/10
530,20160816_1153_0/0
531,20160816_1152_0/1
532,20160816_1152_0/2
533,20160816_1154_0/0
534,20160816_1201_0/2,20160816_1201_0/13
535,20160816_1201_0/20,20160816_1201_0/18,20160816_1201_0/19,20160816_1201_0/17
536,20160816_1201_0/14,20160816_1201_0/11,20160816_1201_0/10,20160816_1201_0/16,20160816_1201_0/15
537,20160816_1203_0/2
538,20160816_1204_0/6
539,20160816_1201_0/8
54,20160816_1535_0/22,20160816_1535_0/23
540,20160816_1204_0/1,20160816_1204_0/0,20160816_1204_0/2
541,20160816_1203_0/6,20160816_1203_0/4,20160816_1203_0/5,20160816_1203_0/7
542,20160816_1206_0/0
543,20160816_1205_0/2
544,20160816_1207_0/0
545,20160816_1208_0/0
546,20160816_1206_0/2
547,20160816_1207_0/1
548,20160816_1210_0/0,20160816_1210_0/1
549,20160816_1210_0/2,20160816_1209_0/1,20160816_1209_0/2
55,20160816_1535_0/18,20160816_1535_0/21,20160816_1535_0/20,20160816_1535_0/19
550,20160816_1209_0/0
551,20160816_1207_0/2
56,20160816_1535_0/1,20160816_1535_0/6,20160816_1534_0/14
57,20160816_1535_0/14,20160816_1535_0/12,20160816_1535_0/11
58,20160816_1535_0/17
59,20160816_1534_0/3
6,20160816_1518_0/13,20160816_1518_0/0
60,20160816_1539_0/13,20160816_1539_0/16,20160816_1539_0/10,20160816_1539_0/11
61,20160816_1539_0/9,20160816_1539_0/8
62,20160816_1538_0/17
63,20160816_1541_0/11,20160816_1541_0/7,20160816_1541_0/10,20160816_1541_0/6
64,20160816_1540_0/20,20160816_1540_0/19
65,20160816_1541_0/0
66,20160816_1542_0/9
67,20160816_1543_0/1
68,20160816_1540_0/13,20160816_1540_0/17,20160816_1540_0/18
69,20160816_1540_0/10
7,20160816_1518_0/23
70,20160816_1539_0/18,20160816_1539_0/17
71,20160816_1540_0/0,20160816_1540_0/2,20160816_1540_0/3,20160816_1540_0/1
72,20160816_1539_0/7,20160816_1540_0/7
73,20160816_1538_0/13,20160816_1538_0/14,20160816_1538_0/6,20160816_1538_0/10,20160816_1538_0/18,20160816_1538_0/19
74,20160816_1539_0/2
75,20160816_1545_0/2,20160816_1544_0/1
76,20160816_1545_0/8
77,20160816_1545_0/7
78,20160816_1513_0/7,20160816_1513_0/8,20160816_1513_0/2,20160816_1513_0/6,20160816_1513_0/4,20160816_1513_0/5
79,20160816_1515_0/6
8,20160816_1521_0/4,20160816_1521_0/3
80,20160816_1513_0/11,20160816_1513_0/12
81,20160816_1514_0/6,20160816_1514_0/7,20160816_1514_0/10,20160816_1514_0/9,20160816_1514_0/8
82,20160816_1512_0/17
83,20160816_1509_0/10,20160816_1509_0/12
84,20160816_1511_0/4,20160816_1511_0/7
85,20160816_1512_0/19,20160816_1513_0/0,20160816_1512_0/15
86,20160816_1511_0/14,20160816_1511_0/12
87,20160816_1512_0/8,20160816_1512_0/5,20160816_1512_0/6
88,20160816_1505_0/11,20160816_1505_0/7
89,20160816_1504_0/7
9,20160816_1522_0/11
90,20160816_1504_0/0
91,20160816_1503_0/2
92,20160816_1508_0/0
93,20160816_1507_0/3
94,20160816_1505_0/15
95,20160816_1507_0/5,20160816_1507_0/4
96,20160816_1502_0/6,20160816_1502_0/5
97,20160816_1504_0/3
98,20160816_1505_0/4
99,20160816_1443_0/2
